checked_at_utc	source_table	row_no	field	host	url	status	final_url	content_type	sample_bytes	error	bounded_note
2026-06-17T09:41:55Z	results/dashboard-paper/public-url-retrieval-audit-v0.1.tsv	22	url	raw.githubusercontent.com	https://raw.githubusercontent.com/CVEProject/cvelistV5/main/cves/2026/44xxx/CVE-2026-44843.json	200	https://raw.githubusercontent.com/CVEProject/cvelistV5/main/cves/2026/44xxx/CVE-2026-44843.json	text/plain; charset=utf-8	2048		single small public status/sample check; no bypass, no legal or factual conclusion
2026-06-17T09:41:55Z	results/dashboard-paper/public-url-retrieval-audit-v0.1.tsv	15	url	www.nejm.org	https://www.nejm.org/doi/10.1056/NEJMc2605962	403	https://www.nejm.org/doi/10.1056/NEJMc2605962	text/html; charset=UTF-8	0	Forbidden	single small public status/sample check; no bypass, no legal or factual conclusion
2026-06-17T09:41:55Z	results/dashboard-paper/public-url-retrieval-audit-v0.1.tsv	6	url	news.google.com	https://news.google.com/rss/articles/CBMihwFBVV95cUxQMUd4RHZ5MnM5eEpiX0o3a2ZxZFhaNVN2TlJoSFo5ZkpmODBQUldzWkFpV3hJMnRuN1IzZ1g1bG5rdS1Zdk9fbFoxNzBNLWU3aV8zUVFnTk5xdTM4d1N2bDZpeXk0MDdEWkx0Y3BqSTFkTnRaclYtN2R6N2ZiSi1OaTFRcXlhcjg?oc=5&ucbcb=1&hl=en-US&gl=US&ceid=US:en	200	https://news.google.com/rss/articles/CBMihwFBVV95cUxQMUd4RHZ5MnM5eEpiX0o3a2ZxZFhaNVN2TlJoSFo5ZkpmODBQUldzWkFpV3hJMnRuN1IzZ1g1bG5rdS1Zdk9fbFoxNzBNLWU3aV8zUVFnTk5xdTM4d1N2bDZpeXk0MDdEWkx0Y3BqSTFkTnRaclYtN2R6N2ZiSi1OaTFRcXlhcjg?oc=5&ucbcb=1&hl=en-US&gl=US&ceid=US:en	text/html; charset=utf-8	2048		single small public status/sample check; no bypass, no legal or factual conclusion
2026-06-17T09:41:55Z	results/dashboard-paper/public-url-retrieval-audit-v0.1.tsv	11	url	news.google.com	https://news.google.com/rss/articles/CBMixwFBVV95cUxNOUFEeG1WV3FIMzFBaVE3T0tSNWNZcFZPeEpicXUxZ0FYSE5FOFhzWmRXYUxNX3ZmUTZ4WGN3ZEJKWl85TVRPMXdsVVNGbEF6RzQ1aGp4NVA0aGlNaFVwYzhrOHE0QjdoaDk3VEZVVkpLSjJvSldhaTl1SDFtX1dSSU40MUxIWW95WjhydlZhckxjY2FzN3ZCcVlkTmR0T29IWXJHZU5UcjlUdHI3SG9Kbm5PSUhrT0d2eXFUMHU3TjNoUFhGaXRJ?oc=5&ucbcb=1&hl=en-US&gl=US&ceid=US:en	200	https://news.google.com/rss/articles/CBMixwFBVV95cUxNOUFEeG1WV3FIMzFBaVE3T0tSNWNZcFZPeEpicXUxZ0FYSE5FOFhzWmRXYUxNX3ZmUTZ4WGN3ZEJKWl85TVRPMXdsVVNGbEF6RzQ1aGp4NVA0aGlNaFVwYzhrOHE0QjdoaDk3VEZVVkpLSjJvSldhaTl1SDFtX1dSSU40MUxIWW95WjhydlZhckxjY2FzN3ZCcVlkTmR0T29IWXJHZU5UcjlUdHI3SG9Kbm5PSUhrT0d2eXFUMHU3TjNoUFhGaXRJ?oc=5&ucbcb=1&hl=en-US&gl=US&ceid=US:en	text/html; charset=utf-8	2048		single small public status/sample check; no bypass, no legal or factual conclusion
2026-06-17T09:41:55Z	results/dashboard-paper/public-url-retrieval-audit-v0.1.tsv	2	url	ai.hel.fi	https://ai.hel.fi/wp-content/uploads/White-Paper.pdf	200	https://ai.hel.fi/wp-content/uploads/White-Paper.pdf	application/pdf	2048		single small public status/sample check; no bypass, no legal or factual conclusion
2026-06-17T09:41:55Z	results/dashboard-paper/public-url-retrieval-audit-v0.1.tsv	7	url	airisk.mit.edu	https://airisk.mit.edu/ai-incident-tracker	200	https://airisk.mit.edu/ai-incident-tracker	text/html; charset=utf-8	2048		single small public status/sample check; no bypass, no legal or factual conclusion
2026-06-17T09:41:55Z	results/dashboard-paper/public-url-retrieval-audit-v0.1.tsv	9	url	airisk.mit.edu	https://airisk.mit.edu/risks#Domain-Taxonomy-of-AI-Risks	200	https://airisk.mit.edu/risks#Domain-Taxonomy-of-AI-Risks	text/html; charset=utf-8	2048		single small public status/sample check; no bypass, no legal or factual conclusion
2026-06-17T09:41:55Z	results/dashboard-paper/public-url-retrieval-audit-v0.1.tsv	29	url	raw.githubusercontent.com	https://raw.githubusercontent.com/CVEProject/cvelistV5/main/cves/2023/37xxx/CVE-2023-37274.json	200	https://raw.githubusercontent.com/CVEProject/cvelistV5/main/cves/2023/37xxx/CVE-2023-37274.json	text/plain; charset=utf-8	2048		single small public status/sample check; no bypass, no legal or factual conclusion
2026-06-17T09:41:55Z	results/dashboard-paper/public-url-retrieval-audit-v0.1.tsv	10	url	news.google.com	https://news.google.com/rss/articles/CBMixgFBVV95cUxPR1dvbk56bE5NdlVhWlVGdUlEbGF2Q1QzYnFkeF85RzN2U20yb25aa2RYaXJzYTRaM0k1WkloVzVWazgzTFZKLW5xM29aWGM5c0podjA4VTdHbkdsQ3poQUhjQ0kxb2NselRLWXhmXy1ZNnlJMU5RZGhqOGFjbTNTbTNzRi0yc0JGY3lzY2NLRWprVUJkVzVzRHRyRDZiT2ZSSFJmXzl1YUpGRTNrelFqeFZiNE44SWt1MU1mRGtpRGlJeW5SRHc?oc=5&ucbcb=1&hl=en-US&gl=US&ceid=US:en	200	https://news.google.com/rss/articles/CBMixgFBVV95cUxPR1dvbk56bE5NdlVhWlVGdUlEbGF2Q1QzYnFkeF85RzN2U20yb25aa2RYaXJzYTRaM0k1WkloVzVWazgzTFZKLW5xM29aWGM5c0podjA4VTdHbkdsQ3poQUhjQ0kxb2NselRLWXhmXy1ZNnlJMU5RZGhqOGFjbTNTbTNzRi0yc0JGY3lzY2NLRWprVUJkVzVzRHRyRDZiT2ZSSFJmXzl1YUpGRTNrelFqeFZiNE44SWt1MU1mRGtpRGlJeW5SRHc?oc=5&ucbcb=1&hl=en-US&gl=US&ceid=US:en	text/html; charset=utf-8	2048		single small public status/sample check; no bypass, no legal or factual conclusion
2026-06-17T09:41:55Z	results/dashboard-paper/public-url-retrieval-audit-v0.1.tsv	5	url	creativecommons.org	https://creativecommons.org/licenses/by/4.0/	200	https://creativecommons.org/licenses/by/4.0/	text/html	2048		single small public status/sample check; no bypass, no legal or factual conclusion
2026-06-17T09:41:55Z	results/dashboard-paper/public-url-retrieval-audit-v0.1.tsv	13	url	airisk.mit.edu	https://airisk.mit.edu/risks#Causal-Taxonomy-of-AI-Risks	200	https://airisk.mit.edu/risks#Causal-Taxonomy-of-AI-Risks	text/html; charset=utf-8	2048		single small public status/sample check; no bypass, no legal or factual conclusion
2026-06-17T09:41:55Z	results/dashboard-paper/public-url-retrieval-audit-v0.1.tsv	25	url	ico.org.uk	https://ico.org.uk/media2/woalogoc/20240219-serco-leisure-operating-limited-en.pdf	200	https://ico.org.uk/media2/woalogoc/20240219-serco-leisure-operating-limited-en.pdf	application/pdf	2048		single small public status/sample check; no bypass, no legal or factual conclusion
2026-06-17T09:41:55Z	results/dashboard-paper/public-url-retrieval-audit-v0.1.tsv	21	url	raw.githubusercontent.com	https://raw.githubusercontent.com/CVEProject/cvelistV5/main/cves/2025/55xxx/CVE-2025-55284.json	200	https://raw.githubusercontent.com/CVEProject/cvelistV5/main/cves/2025/55xxx/CVE-2025-55284.json	text/plain; charset=utf-8	2048		single small public status/sample check; no bypass, no legal or factual conclusion
2026-06-17T09:41:55Z	results/dashboard-paper/public-url-retrieval-audit-v0.1.tsv	28	url	raw.githubusercontent.com	https://raw.githubusercontent.com/microsoft/playwright-mcp/main/README.md	200	https://raw.githubusercontent.com/microsoft/playwright-mcp/main/README.md	text/plain; charset=utf-8	2048		single small public status/sample check; no bypass, no legal or factual conclusion
2026-06-17T09:41:55Z	results/dashboard-paper/public-url-retrieval-audit-v0.1.tsv	3	url	www.courtlistener.com	https://www.courtlistener.com/?q=1%3A22-cv-02565	403	https://www.courtlistener.com/?q=1%3A22-cv-02565	text/html	0	Forbidden	single small public status/sample check; no bypass, no legal or factual conclusion
2026-06-17T09:41:55Z	results/dashboard-paper/public-url-retrieval-audit-v0.1.tsv	24	url	raw.githubusercontent.com	https://raw.githubusercontent.com/CVEProject/cvelistV5/main/cves/2023/29xxx/CVE-2023-29374.json	200	https://raw.githubusercontent.com/CVEProject/cvelistV5/main/cves/2023/29xxx/CVE-2023-29374.json	text/plain; charset=utf-8	2048		single small public status/sample check; no bypass, no legal or factual conclusion
2026-06-17T09:41:55Z	results/dashboard-paper/public-url-retrieval-audit-v0.1.tsv	18	url	news.google.com	https://news.google.com/rss/articles/CBMihwFBVV95cUxQMUd4RHZ5MnM5eEpiX0o3a2ZxZFhaNVN2TlJoSFo5ZkpmODBQUldzWkFpV3hJMnRuN1IzZ1g1bG5rdS1Zdk9fbFoxNzBNLWU3aV8zUVFnTk5xdTM4d1N2bDZpeXk0MDdEWkx0Y3BqSTFkTnRaclYtN2R6N2ZiSi1OaTFRcXlhcjg?oc=5	200	https://news.google.com/rss/articles/CBMihwFBVV95cUxQMUd4RHZ5MnM5eEpiX0o3a2ZxZFhaNVN2TlJoSFo5ZkpmODBQUldzWkFpV3hJMnRuN1IzZ1g1bG5rdS1Zdk9fbFoxNzBNLWU3aV8zUVFnTk5xdTM4d1N2bDZpeXk0MDdEWkx0Y3BqSTFkTnRaclYtN2R6N2ZiSi1OaTFRcXlhcjg?oc=5&ucbcb=1&hl=en-US&gl=US&ceid=US:en	text/html; charset=utf-8	2048		single small public status/sample check; no bypass, no legal or factual conclusion
2026-06-17T09:41:55Z	results/dashboard-paper/public-url-retrieval-audit-v0.1.tsv	14	url	airisk.mit.edu	https://airisk.mit.edu/risks#AI-Risk-Database	200	https://airisk.mit.edu/risks#AI-Risk-Database	text/html; charset=utf-8	2048		single small public status/sample check; no bypass, no legal or factual conclusion
2026-06-17T09:41:55Z	results/dashboard-paper/public-url-retrieval-audit-v0.1.tsv	16	url	ai.hel.fi	http://ai.hel.fi/wp-content/uploads/White-Paper.pdf	200	https://ai.hel.fi/wp-content/uploads/White-Paper.pdf	application/pdf	2048		single small public status/sample check; no bypass, no legal or factual conclusion
2026-06-17T09:41:55Z	results/dashboard-paper/public-url-retrieval-audit-v0.1.tsv	12	url	news.google.com	https://news.google.com/rss/articles/CBMiQkFVX3lxTE9jV2tTQjBaZFBvTkJKRkJhMnNhdzdUUXQzZ3Z2TndJMHVFRlNuNXdvX3Y1R1VIb3MwYlljWVcwN2tDQQ?oc=5&ucbcb=1&hl=en-US&gl=US&ceid=US:en	200	https://news.google.com/rss/articles/CBMiQkFVX3lxTE9jV2tTQjBaZFBvTkJKRkJhMnNhdzdUUXQzZ3Z2TndJMHVFRlNuNXdvX3Y1R1VIb3MwYlljWVcwN2tDQQ?oc=5&ucbcb=1&hl=en-US&gl=US&ceid=US:en	text/html; charset=utf-8	2048		single small public status/sample check; no bypass, no legal or factual conclusion
2026-06-17T09:41:55Z	results/dashboard-paper/public-url-retrieval-audit-v0.1.tsv	4	url	www.courtlistener.com	https://www.courtlistener.com/?q=Albert%20Saniger	403	https://www.courtlistener.com/?q=Albert%20Saniger	text/html	0	Forbidden	single small public status/sample check; no bypass, no legal or factual conclusion
2026-06-17T09:41:55Z	results/dashboard-paper/public-url-retrieval-audit-v0.1.tsv	32	url	raw.githubusercontent.com	https://raw.githubusercontent.com/avidml/avid-db/main/reports/2022/AVID-2022-R0001.json	200	https://raw.githubusercontent.com/avidml/avid-db/main/reports/2022/AVID-2022-R0001.json	text/plain; charset=utf-8	2048		single small public status/sample check; no bypass, no legal or factual conclusion
2026-06-17T09:41:55Z	results/dashboard-paper/amsterdam-register-export-history-audit-v0.1.tsv	3	source_url	algoritmes.overheid.nl	https://algoritmes.overheid.nl/api/downloads/history/algorithms/23189993/NLD?filetype=csv	200	https://algoritmes.overheid.nl/api/downloads/history/algorithms/23189993/NLD?filetype=csv	text/csv; charset=utf-8	2048		single small public status/sample check; no bypass, no legal or factual conclusion
2026-06-17T09:41:55Z	results/dashboard-paper/amsterdam-register-export-history-audit-v0.1.tsv	2	source_url	algoritmes.overheid.nl	https://algoritmes.overheid.nl/api/downloads/algorithms/23189993/NLD?filetype=csv	200	https://algoritmes.overheid.nl/api/downloads/algorithms/23189993/NLD?filetype=csv	text/csv; charset=utf-8	2048		single small public status/sample check; no bypass, no legal or factual conclusion
2026-06-17T09:41:55Z	results/dashboard-paper/public-url-retrieval-audit-v0.1.tsv	33	url	www.iso.org	https://www.iso.org/standard/42001	200	https://www.iso.org/standard/42001	text/html;charset=UTF-8	2048		single small public status/sample check; no bypass, no legal or factual conclusion
2026-06-17T09:41:55Z	results/dashboard-paper/public-url-retrieval-audit-v0.1.tsv	30	url	www.doj.nh.gov	https://www.doj.nh.gov	403	https://www.doj.nh.gov	text/html	0	Forbidden	single small public status/sample check; no bypass, no legal or factual conclusion
2026-06-17T09:41:55Z	results/dashboard-paper/amsterdam-register-export-history-audit-v0.1.tsv	4	source_url	algoritmes.overheid.nl	https://algoritmes.overheid.nl/api/downloads/algorithms/23189993/ENG?filetype=csv	200	https://algoritmes.overheid.nl/api/downloads/algorithms/23189993/ENG?filetype=csv	text/csv; charset=utf-8	2048		single small public status/sample check; no bypass, no legal or factual conclusion
2026-06-17T09:41:55Z	results/dashboard-paper/public-url-retrieval-audit-v0.1.tsv	26	url	www.doj.nh.gov	https://www.doj.nh.gov/press-releases	403	https://www.doj.nh.gov/press-releases	text/html	0	Forbidden	single small public status/sample check; no bypass, no legal or factual conclusion
2026-06-17T09:41:55Z	results/dashboard-paper/public-url-retrieval-audit-v0.1.tsv	27	url	www.doj.nh.gov	https://www.doj.nh.gov/robots.txt	403	https://www.doj.nh.gov/robots.txt	text/html	0	Forbidden	single small public status/sample check; no bypass, no legal or factual conclusion
2026-06-17T09:41:55Z	results/dashboard-paper/public-url-retrieval-audit-v0.1.tsv	40	url	www.amsterdam.nl	https://www.amsterdam.nl/zoeken/?zoeken_term=aanbesteding+ChatAmsterdam	403	https://www.amsterdam.nl/zoeken/?zoeken_term=aanbesteding+ChatAmsterdam	text/html; charset=UTF-8	0	Forbidden	single small public status/sample check; no bypass, no legal or factual conclusion
2026-06-17T09:41:55Z	results/dashboard-paper/public-url-retrieval-audit-v0.1.tsv	31	url	airisk.mit.edu	https://airisk.mit.edu/	200	https://airisk.mit.edu/	text/html; charset=utf-8	2048		single small public status/sample check; no bypass, no legal or factual conclusion
2026-06-17T09:41:55Z	results/dashboard-paper/public-url-retrieval-audit-v0.1.tsv	34	url	www.sec.gov	https://www.sec.gov/files/litigation/admin/2024/ia-6573.pdf	403	https://www.sec.gov/files/litigation/admin/2024/ia-6573.pdf	text/html	0	Forbidden	single small public status/sample check; no bypass, no legal or factual conclusion
2026-06-17T09:41:55Z	results/dashboard-paper/public-url-retrieval-audit-v0.1.tsv	38	url	www.doj.nh.gov	https://www.doj.nh.gov/news	403	https://www.doj.nh.gov/news	text/html	0	Forbidden	single small public status/sample check; no bypass, no legal or factual conclusion
2026-06-17T09:41:55Z	results/dashboard-paper/public-url-retrieval-audit-v0.1.tsv	43	url	www.amsterdam.nl	https://www.amsterdam.nl/zoeken/?zoeken_term=ChatAmsterdam	403	https://www.amsterdam.nl/zoeken/?zoeken_term=ChatAmsterdam	text/html; charset=UTF-8	0	Forbidden	single small public status/sample check; no bypass, no legal or factual conclusion
2026-06-17T09:41:55Z	results/dashboard-paper/public-url-retrieval-audit-v0.1.tsv	41	url	www.sec.gov	https://www.sec.gov/files/litigation/admin/2024/ia-6574.pdf	403	https://www.sec.gov/files/litigation/admin/2024/ia-6574.pdf	text/html	0	Forbidden	single small public status/sample check; no bypass, no legal or factual conclusion
2026-06-17T09:41:55Z	results/dashboard-paper/public-url-retrieval-audit-v0.1.tsv	44	url	raw.githubusercontent.com	https://raw.githubusercontent.com/CVEProject/cvelistV5/main/cves/2024/3xxx/CVE-2024-3271.json	200	https://raw.githubusercontent.com/CVEProject/cvelistV5/main/cves/2024/3xxx/CVE-2024-3271.json	text/plain; charset=utf-8	2048		single small public status/sample check; no bypass, no legal or factual conclusion
2026-06-17T09:41:55Z	results/dashboard-paper/public-url-retrieval-audit-v0.1.tsv	17	url	news.google.com	https://news.google.com/rss/articles/CBMixwFBVV95cUxNOUFEeG1WV3FIMzFBaVE3T0tSNWNZcFZPeEpicXUxZ0FYSE5FOFhzWmRXYUxNX3ZmUTZ4WGN3ZEJKWl85TVRPMXdsVVNGbEF6RzQ1aGp4NVA0aGlNaFVwYzhrOHE0QjdoaDk3VEZVVkpLSjJvSldhaTl1SDFtX1dSSU40MUxIWW95WjhydlZhckxjY2FzN3ZCcVlkTmR0T29IWXJHZU5UcjlUdHI3SG9Kbm5PSUhrT0d2eXFUMHU3TjNoUFhGaXRJ?oc=5	200	https://news.google.com/rss/articles/CBMixwFBVV95cUxNOUFEeG1WV3FIMzFBaVE3T0tSNWNZcFZPeEpicXUxZ0FYSE5FOFhzWmRXYUxNX3ZmUTZ4WGN3ZEJKWl85TVRPMXdsVVNGbEF6RzQ1aGp4NVA0aGlNaFVwYzhrOHE0QjdoaDk3VEZVVkpLSjJvSldhaTl1SDFtX1dSSU40MUxIWW95WjhydlZhckxjY2FzN3ZCcVlkTmR0T29IWXJHZU5UcjlUdHI3SG9Kbm5PSUhrT0d2eXFUMHU3TjNoUFhGaXRJ?oc=5&ucbcb=1&hl=en-US&gl=US&ceid=US:en	text/html; charset=utf-8	2048		single small public status/sample check; no bypass, no legal or factual conclusion
2026-06-17T09:41:55Z	results/dashboard-paper/public-url-retrieval-audit-v0.1.tsv	39	url	www.doj.nh.gov	https://www.doj.nh.gov/	403	https://www.doj.nh.gov/	text/html	0	Forbidden	single small public status/sample check; no bypass, no legal or factual conclusion
2026-06-17T09:41:55Z	results/dashboard-paper/public-url-retrieval-audit-v0.1.tsv	42	url	news.google.com	https://news.google.com/rss/articles/CBMi8wFBVV95cUxPX3FheUdXTjdVb0dRRllBTXE3Vk9UN3VvMmVqZGY3WFJNRU5uREZmNm94d3BWNEhVc0MtdDE5NnN0aVlkUFd0Q1AwcEx3a2NMa0tkX25FNEw2SE5ZVGZNYXV3MzYzazczM1NXYUJGemVJcHBmX3lGaDA4ZnhYanBoaHZhODhiczFzZVhjYzN2Sy1wdXRDS0tiV0tXUlQxQWdfNVR0TEUwNzNqU3VQRGJMMjctNFpZcjdHRTI3emczX0duaHVEQ2hlQjVmSzlQUlF5RVE1b0dDREVXVWNQd0J1TEtWb25JS3dsWUdfTndZTGxtd0E?oc=5	200	https://news.google.com/rss/articles/CBMi8wFBVV95cUxPX3FheUdXTjdVb0dRRllBTXE3Vk9UN3VvMmVqZGY3WFJNRU5uREZmNm94d3BWNEhVc0MtdDE5NnN0aVlkUFd0Q1AwcEx3a2NMa0tkX25FNEw2SE5ZVGZNYXV3MzYzazczM1NXYUJGemVJcHBmX3lGaDA4ZnhYanBoaHZhODhiczFzZVhjYzN2Sy1wdXRDS0tiV0tXUlQxQWdfNVR0TEUwNzNqU3VQRGJMMjctNFpZcjdHRTI3emczX0duaHVEQ2hlQjVmSzlQUlF5RVE1b0dDREVXVWNQd0J1TEtWb25JS3dsWUdfTndZTGxtd0E?oc=5&ucbcb=1&hl=en-US&gl=US&ceid=US:en	text/html; charset=utf-8	2048		single small public status/sample check; no bypass, no legal or factual conclusion
2026-06-17T09:41:55Z	results/dashboard-paper/public-url-retrieval-audit-v0.1.tsv	48	url	www.tenderned.nl	https://www.tenderned.nl/aankondigingen/overzicht?zoekterm=gemeente+Amsterdam+Azure	200	https://www.tenderned.nl/aankondigingen/overzicht?zoekterm=gemeente+Amsterdam+Azure	text/html	2048		single small public status/sample check; no bypass, no legal or factual conclusion
2026-06-17T09:41:55Z	results/dashboard-paper/public-url-retrieval-audit-v0.1.tsv	37	url	www.doj.nh.gov	https://www.doj.nh.gov/media-center	403	https://www.doj.nh.gov/media-center	text/html	0	Forbidden	single small public status/sample check; no bypass, no legal or factual conclusion
2026-06-17T09:41:55Z	results/dashboard-paper/public-url-retrieval-audit-v0.1.tsv	49	url	ico.org.uk	https://ico.org.uk/media2/migrated/4030350/20240702-cvhs-reprimand.pdf	200	https://ico.org.uk/media2/migrated/4030350/20240702-cvhs-reprimand.pdf	application/pdf	2048		single small public status/sample check; no bypass, no legal or factual conclusion
2026-06-17T09:41:55Z	results/dashboard-paper/public-url-retrieval-audit-v0.1.tsv	36	url	www.tenderned.nl	https://www.tenderned.nl/aankondigingen/overzicht?zoekterm=ChatAmsterdam	200	https://www.tenderned.nl/aankondigingen/overzicht?zoekterm=ChatAmsterdam	text/html	2048		single small public status/sample check; no bypass, no legal or factual conclusion
2026-06-17T09:41:55Z	results/dashboard-paper/public-url-retrieval-audit-v0.1.tsv	20	url	news.google.com	https://news.google.com/rss/articles/CBMi8wFBVV95cUxPX3FheUdXTjdVb0dRRllBTXE3Vk9UN3VvMmVqZGY3WFJNRU5uREZmNm94d3BWNEhVc0MtdDE5NnN0aVlkUFd0Q1AwcEx3a2NMa0tkX25FNEw2SE5ZVGZNYXV3MzYzazczM1NXYUJGemVJcHBmX3lGaDA4ZnhYanBoaHZhODhiczFzZVhjYzN2Sy1wdXRDS0tiV0tXUlQxQWdfNVR0TEUwNzNqU3VQRGJMMjctNFpZcjdHRTI3emczX0duaHVEQ2hlQjVmSzlQUlF5RVE1b0dDREVXVWNQd0J1TEtWb25JS3dsWUdfTndZTGxtd0E?oc=5&ucbcb=1&hl=en-US&gl=US&ceid=US:en	200	https://news.google.com/rss/articles/CBMi8wFBVV95cUxPX3FheUdXTjdVb0dRRllBTXE3Vk9UN3VvMmVqZGY3WFJNRU5uREZmNm94d3BWNEhVc0MtdDE5NnN0aVlkUFd0Q1AwcEx3a2NMa0tkX25FNEw2SE5ZVGZNYXV3MzYzazczM1NXYUJGemVJcHBmX3lGaDA4ZnhYanBoaHZhODhiczFzZVhjYzN2Sy1wdXRDS0tiV0tXUlQxQWdfNVR0TEUwNzNqU3VQRGJMMjctNFpZcjdHRTI3emczX0duaHVEQ2hlQjVmSzlQUlF5RVE1b0dDREVXVWNQd0J1TEtWb25JS3dsWUdfTndZTGxtd0E?oc=5&ucbcb=1&hl=en-US&gl=US&ceid=US:en	text/html; charset=utf-8	2048		single small public status/sample check; no bypass, no legal or factual conclusion
2026-06-17T09:41:56Z	results/dashboard-paper/public-url-retrieval-audit-v0.1.tsv	19	url	raw.githubusercontent.com	https://raw.githubusercontent.com/mitre-atlas/atlas-data/main/dist/ATLAS.yaml	200	https://raw.githubusercontent.com/mitre-atlas/atlas-data/main/dist/ATLAS.yaml	text/plain; charset=utf-8	2048		single small public status/sample check; no bypass, no legal or factual conclusion
2026-06-17T09:41:56Z	results/dashboard-paper/public-url-retrieval-audit-v0.1.tsv	52	url	www.sec.gov	https://www.sec.gov/newsroom/press-releases/2024-36	403	https://www.sec.gov/newsroom/press-releases/2024-36	text/html	0	Forbidden	single small public status/sample check; no bypass, no legal or factual conclusion
2026-06-17T09:41:56Z	results/dashboard-paper/public-url-retrieval-audit-v0.1.tsv	35	url	raw.githubusercontent.com	https://raw.githubusercontent.com/CVEProject/cvelistV5/main/cves/2024/37xxx/CVE-2024-37014.json	200	https://raw.githubusercontent.com/CVEProject/cvelistV5/main/cves/2024/37xxx/CVE-2024-37014.json	text/plain; charset=utf-8	2048		single small public status/sample check; no bypass, no legal or factual conclusion
2026-06-17T09:41:56Z	results/dashboard-paper/public-url-retrieval-audit-v0.1.tsv	8	url	airisk.mit.edu	https://airisk.mit.edu/risks	200	https://airisk.mit.edu/risks	text/html; charset=utf-8	2048		single small public status/sample check; no bypass, no legal or factual conclusion
2026-06-17T09:41:56Z	results/dashboard-paper/amsterdam-register-export-history-audit-v0.1.tsv	5	source_url	algoritmes.overheid.nl	https://algoritmes.overheid.nl/api/downloads/history/algorithms/23189993/ENG?filetype=csv	200	https://algoritmes.overheid.nl/api/downloads/history/algorithms/23189993/ENG?filetype=csv	text/csv; charset=utf-8	2048		single small public status/sample check; no bypass, no legal or factual conclusion
2026-06-17T09:41:56Z	results/dashboard-paper/public-url-retrieval-audit-v0.1.tsv	47	url	news.google.com	https://news.google.com/rss/search?q=site%3Adoj.nh.gov%20Biden%20robocall%20attorney%20general&hl=en-US&gl=US&ceid=US:en	200	https://news.google.com/rss/search?q=site%3Adoj.nh.gov%20Biden%20robocall%20attorney%20general&hl=en-US&gl=US&ceid=US:en	application/xml; charset=utf-8	2048		single small public status/sample check; no bypass, no legal or factual conclusion
2026-06-17T09:41:56Z	results/dashboard-paper/public-url-retrieval-audit-v0.1.tsv	51	url	www.doj.nh.gov	https://www.doj.nh.gov/news-and-media	403	https://www.doj.nh.gov/news-and-media	text/html	0	Forbidden	single small public status/sample check; no bypass, no legal or factual conclusion
2026-06-17T09:41:56Z	results/dashboard-paper/public-url-retrieval-audit-v0.1.tsv	45	url	incidentdatabase.ai	https://incidentdatabase.ai/	200	https://incidentdatabase.ai/	text/html; charset=UTF-8	2048		single small public status/sample check; no bypass, no legal or factual conclusion
2026-06-17T09:41:56Z	results/dashboard-paper/public-url-retrieval-audit-v0.1.tsv	46	url	news.google.com	https://news.google.com/rss/articles/CBMixgFBVV95cUxPR1dvbk56bE5NdlVhWlVGdUlEbGF2Q1QzYnFkeF85RzN2U20yb25aa2RYaXJzYTRaM0k1WkloVzVWazgzTFZKLW5xM29aWGM5c0podjA4VTdHbkdsQ3poQUhjQ0kxb2NselRLWXhmXy1ZNnlJMU5RZGhqOGFjbTNTbTNzRi0yc0JGY3lzY2NLRWprVUJkVzVzRHRyRDZiT2ZSSFJmXzl1YUpGRTNrelFqeFZiNE44SWt1MU1mRGtpRGlJeW5SRHc?oc=5	200	https://news.google.com/rss/articles/CBMixgFBVV95cUxPR1dvbk56bE5NdlVhWlVGdUlEbGF2Q1QzYnFkeF85RzN2U20yb25aa2RYaXJzYTRaM0k1WkloVzVWazgzTFZKLW5xM29aWGM5c0podjA4VTdHbkdsQ3poQUhjQ0kxb2NselRLWXhmXy1ZNnlJMU5RZGhqOGFjbTNTbTNzRi0yc0JGY3lzY2NLRWprVUJkVzVzRHRyRDZiT2ZSSFJmXzl1YUpGRTNrelFqeFZiNE44SWt1MU1mRGtpRGlJeW5SRHc?oc=5&ucbcb=1&hl=en-US&gl=US&ceid=US:en	text/html; charset=utf-8	2048		single small public status/sample check; no bypass, no legal or factual conclusion
2026-06-17T09:41:56Z	results/dashboard-paper/public-url-retrieval-audit-v0.1.tsv	55	url	raw.githubusercontent.com	https://raw.githubusercontent.com/CVEProject/cvelistV5/main/cves/2026/2xxx/CVE-2026-2286.json	200	https://raw.githubusercontent.com/CVEProject/cvelistV5/main/cves/2026/2xxx/CVE-2026-2286.json	text/plain; charset=utf-8	2048		single small public status/sample check; no bypass, no legal or factual conclusion
2026-06-17T09:41:56Z	results/dashboard-paper/public-url-retrieval-audit-v0.1.tsv	53	url	raw.githubusercontent.com	https://raw.githubusercontent.com/CVEProject/cvelistV5/main/cves/2026/2xxx/CVE-2026-2285.json	200	https://raw.githubusercontent.com/CVEProject/cvelistV5/main/cves/2026/2xxx/CVE-2026-2285.json	text/plain; charset=utf-8	2048		single small public status/sample check; no bypass, no legal or factual conclusion
2026-06-17T09:41:56Z	results/dashboard-paper/public-url-retrieval-audit-v0.1.tsv	61	url	www.doj.nh.gov	https://www.doj.nh.gov/sitemap.xml	403	https://www.doj.nh.gov/sitemap.xml	text/html	0	Forbidden	single small public status/sample check; no bypass, no legal or factual conclusion
2026-06-17T09:41:56Z	results/dashboard-paper/public-url-retrieval-audit-v0.1.tsv	59	url	www.sec.gov	https://www.sec.gov/litigation/litreleases.htm	403	https://www.sec.gov/litigation/litreleases.htm	text/html	0	Forbidden	single small public status/sample check; no bypass, no legal or factual conclusion
2026-06-17T09:41:56Z	results/dashboard-paper/public-url-retrieval-audit-v0.1.tsv	60	url	atlas.mitre.org	https://atlas.mitre.org/	200	https://atlas.mitre.org/	text/html; charset=utf-8	2048		single small public status/sample check; no bypass, no legal or factual conclusion
2026-06-17T09:41:56Z	results/dashboard-paper/public-url-retrieval-audit-v0.1.tsv	54	url	news.google.com	https://news.google.com/rss/articles/CBMiQkFVX3lxTE9jV2tTQjBaZFBvTkJKRkJhMnNhdzdUUXQzZ3Z2TndJMHVFRlNuNXdvX3Y1R1VIb3MwYlljWVcwN2tDQQ?oc=5	200	https://news.google.com/rss/articles/CBMiQkFVX3lxTE9jV2tTQjBaZFBvTkJKRkJhMnNhdzdUUXQzZ3Z2TndJMHVFRlNuNXdvX3Y1R1VIb3MwYlljWVcwN2tDQQ?oc=5&ucbcb=1&hl=en-US&gl=US&ceid=US:en	text/html; charset=utf-8	2048		single small public status/sample check; no bypass, no legal or factual conclusion
2026-06-17T09:41:56Z	results/dashboard-paper/public-url-retrieval-audit-v0.1.tsv	50	url	poliisi.fi	https://poliisi.fi/haku?q=hallintovalitus	200	https://poliisi.fi/haku?q=hallintovalitus	text/html;charset=UTF-8	2048		single small public status/sample check; no bypass, no legal or factual conclusion
2026-06-17T09:41:56Z	results/dashboard-paper/public-url-retrieval-audit-v0.1.tsv	56	url	www.unesco.org	https://www.unesco.org/en/legal-affairs/recommendation-ethics-artificial-intelligence	200	https://www.unesco.org/en/legal-affairs/recommendation-ethics-artificial-intelligence	text/html; charset=UTF-8	2048		single small public status/sample check; no bypass, no legal or factual conclusion
2026-06-17T09:41:56Z	results/dashboard-paper/public-url-retrieval-audit-v0.1.tsv	58	url	incidents-server.oecdai.org	https://incidents-server.oecdai.org/api/v1/incidents/get-property-values	200	https://incidents-server.oecdai.org/api/v1/incidents/get-property-values	application/json	2048		single small public status/sample check; no bypass, no legal or factual conclusion
2026-06-17T09:41:56Z	results/dashboard-paper/public-url-retrieval-audit-v0.1.tsv	57	url	incidents-server.oecdai.org	https://incidents-server.oecdai.org/api/v1/incidents/2026-06-05-f373	200	https://incidents-server.oecdai.org/api/v1/incidents/2026-06-05-f373	application/json	2048		single small public status/sample check; no bypass, no legal or factual conclusion
2026-06-17T09:41:56Z	results/dashboard-paper/public-url-retrieval-audit-v0.1.tsv	64	url	doi.org	https://doi.org/10.1056/NEJMc2605962	403	https://www.nejm.org/doi/10.1056/NEJMc2605962	text/html; charset=UTF-8	0	Forbidden	single small public status/sample check; no bypass, no legal or factual conclusion
2026-06-17T09:41:56Z	results/dashboard-paper/public-url-retrieval-audit-v0.1.tsv	67	url	avidml.org	https://avidml.org/	200	https://avidml.org/	text/html; charset=UTF-8	2048		single small public status/sample check; no bypass, no legal or factual conclusion
2026-06-17T09:41:56Z	results/dashboard-paper/public-url-retrieval-audit-v0.1.tsv	78	url	incidentdatabase.ai	https://incidentdatabase.ai/page-data/cite/1515/page-data.json	200	https://incidentdatabase.ai/page-data/cite/1515/page-data.json	application/json	2048		single small public status/sample check; no bypass, no legal or factual conclusion
2026-06-17T09:41:56Z	results/dashboard-paper/public-url-retrieval-audit-v0.1.tsv	62	url	incidentdatabase.ai	https://incidentdatabase.ai/research/snapshots/	200	https://incidentdatabase.ai/research/snapshots/	text/html; charset=UTF-8	2048		single small public status/sample check; no bypass, no legal or factual conclusion
2026-06-17T09:41:56Z	results/dashboard-paper/public-url-retrieval-audit-v0.1.tsv	84	url	cset.georgetown.edu	https://cset.georgetown.edu/publication/the-ai-harm-taxonomy/	404	https://cset.georgetown.edu/publication/the-ai-harm-taxonomy/	text/html; charset=UTF-8	0	Not Found	single small public status/sample check; no bypass, no legal or factual conclusion
2026-06-17T09:41:56Z	results/dashboard-paper/public-url-retrieval-audit-v0.1.tsv	79	url	eur-lex.europa.eu	https://eur-lex.europa.eu/eli/reg/2024/1689/oj/eng	202	https://eur-lex.europa.eu/eli/reg/2024/1689/oj/eng	text/html; charset=UTF-8	0		single small public status/sample check; no bypass, no legal or factual conclusion
2026-06-17T09:41:56Z	results/dashboard-paper/public-url-retrieval-audit-v0.1.tsv	85	url	cset.georgetown.edu	https://cset.georgetown.edu/article/understanding-ai-harms-an-overview/	200	https://cset.georgetown.edu/article/understanding-ai-harms-an-overview/	text/html; charset=UTF-8	2048		single small public status/sample check; no bypass, no legal or factual conclusion
2026-06-17T09:41:56Z	results/dashboard-paper/public-url-retrieval-audit-v0.1.tsv	71	url	yle.fi	https://yle.fi/a/74-20212545	200	https://yle.fi/a/74-20212545	text/html; charset=utf-8	2048		single small public status/sample check; no bypass, no legal or factual conclusion
2026-06-17T09:41:56Z	results/dashboard-paper/public-url-retrieval-audit-v0.1.tsv	81	url	ico.org.uk	https://ico.org.uk/action-weve-taken/enforcement/2024/07/chelmer-valley-high-school/	200	https://ico.org.uk/action-weve-taken/enforcement/2024/07/chelmer-valley-high-school/	text/html; charset=utf-8	2048		single small public status/sample check; no bypass, no legal or factual conclusion
2026-06-17T09:41:56Z	results/dashboard-paper/public-url-retrieval-audit-v0.1.tsv	63	url	incidents-server.oecdai.org	https://incidents-server.oecdai.org/api/v1/incidents/get-languages	200	https://incidents-server.oecdai.org/api/v1/incidents/get-languages	application/json	247		single small public status/sample check; no bypass, no legal or factual conclusion
2026-06-17T09:41:56Z	results/dashboard-paper/public-url-retrieval-audit-v0.1.tsv	68	url	ai.hel.fi	https://ai.hel.fi/en/get-to-know-ai-register/	200	https://ai.hel.fi/en/get-to-know-ai-register/	text/html; charset=UTF-8	2048		single small public status/sample check; no bypass, no legal or factual conclusion
2026-06-17T09:41:56Z	results/dashboard-paper/public-url-retrieval-audit-v0.1.tsv	74	url	api.github.com	https://api.github.com/repos/langflow-ai/langflow/tags?per_page=20	200	https://api.github.com/repos/langflow-ai/langflow/tags?per_page=20	application/json; charset=utf-8	2048		single small public status/sample check; no bypass, no legal or factual conclusion
2026-06-17T09:41:56Z	results/dashboard-paper/public-url-retrieval-audit-v0.1.tsv	70	url	api.github.com	https://api.github.com/repos/crewAIInc/crewAI/releases/tags/1.14.0	200	https://api.github.com/repos/crewAIInc/crewAI/releases/tags/1.14.0	application/json; charset=utf-8	2048		single small public status/sample check; no bypass, no legal or factual conclusion
2026-06-17T09:41:56Z	results/dashboard-paper/public-url-retrieval-audit-v0.1.tsv	75	url	incidentdatabase.ai	https://incidentdatabase.ai/cite/1515/	200	https://incidentdatabase.ai/cite/1515/	text/html; charset=UTF-8	2048		single small public status/sample check; no bypass, no legal or factual conclusion
2026-06-17T09:41:56Z	results/dashboard-paper/public-url-retrieval-audit-v0.1.tsv	65	url	api.github.com	https://api.github.com/repos/langflow-ai/langflow/issues/2908	200	https://api.github.com/repos/langflow-ai/langflow/issues/2908	application/json; charset=utf-8	2048		single small public status/sample check; no bypass, no legal or factual conclusion
2026-06-17T09:41:56Z	results/dashboard-paper/public-url-retrieval-audit-v0.1.tsv	66	url	incidents-server.oecdai.org	https://incidents-server.oecdai.org/api/v1/incidents/get-countries	200	https://incidents-server.oecdai.org/api/v1/incidents/get-countries	application/json	2048		single small public status/sample check; no bypass, no legal or factual conclusion
2026-06-17T09:41:56Z	results/dashboard-paper/public-url-retrieval-audit-v0.1.tsv	76	url	pub-72b2b2fc36ec423189843747af98f80e.r2.dev	https://pub-72b2b2fc36ec423189843747af98f80e.r2.dev/backup-20260601120109.tar.bz2	200	https://pub-72b2b2fc36ec423189843747af98f80e.r2.dev/backup-20260601120109.tar.bz2	application/x-bzip2	2048		single small public status/sample check; no bypass, no legal or factual conclusion
2026-06-17T09:41:56Z	results/dashboard-paper/public-url-retrieval-audit-v0.1.tsv	73	url	api.github.com	https://api.github.com/repos/langflow-ai/langflow/issues/1973/comments?per_page=100	200	https://api.github.com/repos/langflow-ai/langflow/issues/1973/comments?per_page=100	application/json; charset=utf-8	2048		single small public status/sample check; no bypass, no legal or factual conclusion
2026-06-17T09:41:56Z	results/dashboard-paper/public-url-retrieval-audit-v0.1.tsv	72	url	oecd.ai	https://oecd.ai/en/ai-principles	200	https://oecd.ai/en/ai-principles	text/html; charset=utf-8	2048		single small public status/sample check; no bypass, no legal or factual conclusion
2026-06-17T09:41:56Z	results/dashboard-paper/public-url-retrieval-audit-v0.1.tsv	80	url	www.justice.gov	https://www.justice.gov/usao-sdny/media/1396131/dl?inline	200	https://www.justice.gov/usao-sdny/media/1396131/dl?inline	application/pdf	2048		single small public status/sample check; no bypass, no legal or factual conclusion
2026-06-17T09:41:56Z	results/dashboard-paper/public-url-retrieval-audit-v0.1.tsv	86	url	oecd.ai	https://oecd.ai/en/incidents/2026-06-05-f373	200	https://oecd.ai/en/incidents/2026-06-05-f373	text/html; charset=utf-8	2048		single small public status/sample check; no bypass, no legal or factual conclusion
2026-06-17T09:41:56Z	results/dashboard-paper/public-url-retrieval-audit-v0.1.tsv	69	url	api.github.com	https://api.github.com/repos/langflow-ai/langflow/issues/1973	200	https://api.github.com/repos/langflow-ai/langflow/issues/1973	application/json; charset=utf-8	2048		single small public status/sample check; no bypass, no legal or factual conclusion
2026-06-17T09:41:56Z	results/dashboard-paper/public-url-retrieval-audit-v0.1.tsv	87	url	poliisi.fi	https://poliisi.fi/haku?q=valitus+teko%C3%A4ly	200	https://poliisi.fi/haku?q=valitus+teko%C3%A4ly	text/html;charset=UTF-8	2048		single small public status/sample check; no bypass, no legal or factual conclusion
2026-06-17T09:41:56Z	results/dashboard-paper/public-url-retrieval-audit-v0.1.tsv	83	url	www.hankintailmoitukset.fi	https://www.hankintailmoitukset.fi/web/api/notices/52209	200	https://www.hankintailmoitukset.fi/web/api/notices/52209	application/json; charset=utf-8	2048		single small public status/sample check; no bypass, no legal or factual conclusion
2026-06-17T09:41:56Z	results/dashboard-paper/public-url-retrieval-audit-v0.1.tsv	88	url	api.github.com	https://api.github.com/repositories/614765452/security-advisories/GHSA-5h38-mgp9-rj5f	200	https://api.github.com/repositories/614765452/security-advisories/GHSA-5h38-mgp9-rj5f	application/json; charset=utf-8	2048		single small public status/sample check; no bypass, no legal or factual conclusion
2026-06-17T09:41:56Z	results/dashboard-paper/public-url-retrieval-audit-v0.1.tsv	100	url	www.policija.si	https://www.policija.si/index.php?option=com_content&view=article&id=95798	200	https://www.policija.si/index.php?option=com_content&view=article&id=95798	text/html; charset=utf-8	2048		single small public status/sample check; no bypass, no legal or factual conclusion
2026-06-17T09:41:56Z	results/dashboard-paper/public-url-retrieval-audit-v0.1.tsv	77	url	ico.org.uk	https://ico.org.uk/action-weve-taken/enforcement/serco-leisure-operating-limited-and-associated-trusts/	404	https://ico.org.uk/action-weve-taken/enforcement/serco-leisure-operating-limited-and-associated-trusts/	text/html; charset=utf-8	0	Not Found	single small public status/sample check; no bypass, no legal or factual conclusion
2026-06-17T09:41:56Z	results/dashboard-paper/public-url-retrieval-audit-v0.1.tsv	90	url	www.garanteprivacy.it	https://www.garanteprivacy.it/home/docweb/-/docweb-display/docweb/9870832	200	https://www.garanteprivacy.it/home/docweb/-/docweb-display/docweb/9870832	text/html;charset=UTF-8	2048		single small public status/sample check; no bypass, no legal or factual conclusion
2026-06-17T09:41:56Z	results/dashboard-paper/public-url-retrieval-audit-v0.1.tsv	91	url	api.github.com	https://api.github.com/repos/Significant-Gravitas/Auto-GPT/security-advisories/GHSA-5h38-mgp9-rj5f	200	https://api.github.com/repositories/614765452/security-advisories/GHSA-5h38-mgp9-rj5f	application/json; charset=utf-8	2048		single small public status/sample check; no bypass, no legal or factual conclusion
2026-06-17T09:41:56Z	results/dashboard-paper/public-url-retrieval-audit-v0.1.tsv	92	url	incidents-server.oecdai.org	https://incidents-server.oecdai.org/api/v1/incidents/get-concepts	200	https://incidents-server.oecdai.org/api/v1/incidents/get-concepts	application/json	2048		single small public status/sample check; no bypass, no legal or factual conclusion
2026-06-17T09:41:56Z	results/dashboard-paper/public-url-retrieval-audit-v0.1.tsv	95	url	www.hankintailmoitukset.fi	https://www.hankintailmoitukset.fi/search/notices?search=chatbot%20Helsingin%20kaupunki	200	https://www.hankintailmoitukset.fi/search/notices?search=chatbot%20Helsingin%20kaupunki	application/json; odata.metadata=minimal; odata.streaming=true; charset=utf-8	2048		single small public status/sample check; no bypass, no legal or factual conclusion
2026-06-17T09:41:56Z	results/dashboard-paper/public-url-retrieval-audit-v0.1.tsv	94	url	api.github.com	https://api.github.com/repos/anthropics/claude-code/security-advisories/GHSA-x5gv-jw7f-j6xj	200	https://api.github.com/repos/anthropics/claude-code/security-advisories/GHSA-x5gv-jw7f-j6xj	application/json; charset=utf-8	2048		single small public status/sample check; no bypass, no legal or factual conclusion
2026-06-17T09:41:56Z	results/dashboard-paper/public-url-retrieval-audit-v0.1.tsv	93	url	api.github.com	https://api.github.com/repos/MervinPraison/PraisonAI/security-advisories/GHSA-8g2p-pqm3-fcfh	200	https://api.github.com/repos/MervinPraison/PraisonAI/security-advisories/GHSA-8g2p-pqm3-fcfh	application/json; charset=utf-8	2048		single small public status/sample check; no bypass, no legal or factual conclusion
2026-06-17T09:41:57Z	results/dashboard-paper/public-url-retrieval-audit-v0.1.tsv	82	url	www.hankintailmoitukset.fi	https://www.hankintailmoitukset.fi/web/api/notices/48719	200	https://www.hankintailmoitukset.fi/web/api/notices/48719	application/json; charset=utf-8	2048		single small public status/sample check; no bypass, no legal or factual conclusion
2026-06-17T09:41:57Z	results/dashboard-paper/public-url-retrieval-audit-v0.1.tsv	89	url	www.hankintailmoitukset.fi	https://www.hankintailmoitukset.fi/web/api/notices/62296	200	https://www.hankintailmoitukset.fi/web/api/notices/62296	application/json; charset=utf-8	2048		single small public status/sample check; no bypass, no legal or factual conclusion
2026-06-17T09:41:57Z	results/dashboard-paper/public-url-retrieval-audit-v0.1.tsv	96	url	github.com	https://github.com/anthropics/claude-code/security/advisories/GHSA-x5gv-jw7f-j6xj	200	https://github.com/anthropics/claude-code/security/advisories/GHSA-x5gv-jw7f-j6xj	text/html; charset=utf-8	2048		single small public status/sample check; no bypass, no legal or factual conclusion
2026-06-17T09:41:57Z	results/dashboard-paper/public-url-retrieval-audit-v0.1.tsv	99	url	ecf.nyed.uscourts.gov	https://ecf.nyed.uscourts.gov/cgi-bin/iquery.pl	200	https://ecf.nyed.uscourts.gov/cgi-bin/iquery.pl	text/html; charset=UTF-8	1134		single small public status/sample check; no bypass, no legal or factual conclusion
2026-06-17T09:41:57Z	results/dashboard-paper/public-url-retrieval-audit-v0.1.tsv	98	url	www.policija.si	https://www.policija.si/delovna-podrocja/mednarodno-sodelovanje/crpanje-evropskih-sredstev/projekt-euccs-preparation-stage-4	200	https://www.policija.si/delovna-podrocja/mednarodno-sodelovanje/crpanje-evropskih-sredstev/projekt-euccs-preparation-stage-4	text/html; charset=utf-8	2048		single small public status/sample check; no bypass, no legal or factual conclusion
2026-06-17T09:41:57Z	results/dashboard-paper/public-url-retrieval-audit-v0.1.tsv	97	url	github.com	https://github.com/Significant-Gravitas/AutoGPT/security/advisories/GHSA-5h38-mgp9-rj5f	200	https://github.com/Significant-Gravitas/AutoGPT/security/advisories/GHSA-5h38-mgp9-rj5f	text/html; charset=utf-8	2048		single small public status/sample check; no bypass, no legal or factual conclusion
2026-06-17T09:41:57Z	results/dashboard-paper/public-url-retrieval-audit-v0.1.tsv	101	url	link.springer.com	https://link.springer.com/article/10.1007/s00134-024-07752-6?error=cookies_not_supported&code=26378431-664d-462b-ac26-ec68ecfefe42	200	https://link.springer.com/article/10.1007/s00134-024-07752-6?error=cookies_not_supported&code=2e71ed8f-585c-42d8-875e-829886615a06	text/html; charset=utf-8	2048		single small public status/sample check; no bypass, no legal or factual conclusion
2026-06-17T09:41:57Z	results/dashboard-paper/public-url-retrieval-audit-v0.1.tsv	103	url	link.springer.com	https://link.springer.com/article/10.1007/s00134-024-07752-6	200	https://link.springer.com/article/10.1007/s00134-024-07752-6?error=cookies_not_supported&code=26e5b453-151d-47a3-bfcf-b54dd78507c0	text/html; charset=utf-8	2048		single small public status/sample check; no bypass, no legal or factual conclusion
2026-06-17T09:41:57Z	results/dashboard-paper/public-url-retrieval-audit-v0.1.tsv	106	final_url	link.springer.com	https://link.springer.com/article/10.1007/s00134-024-07752-6?error=cookies_not_supported&code=4803ced1-b4d5-4210-ab16-a553ed489720	200	https://link.springer.com/article/10.1007/s00134-024-07752-6?error=cookies_not_supported&code=07385f7e-3516-4bca-867e-068a700c5522	text/html; charset=utf-8	2048		single small public status/sample check; no bypass, no legal or factual conclusion
2026-06-17T09:41:57Z	results/dashboard-paper/public-url-retrieval-audit-v0.1.tsv	102	final_url	link.springer.com	https://link.springer.com/article/10.1007/s00134-024-07752-6?error=cookies_not_supported&code=8a0c9ea5-4b62-4558-9c5d-1a30afa66392	200	https://link.springer.com/article/10.1007/s00134-024-07752-6?error=cookies_not_supported&code=de371902-ccea-4814-be12-506666dca554	text/html; charset=utf-8	2048		single small public status/sample check; no bypass, no legal or factual conclusion
2026-06-17T09:41:57Z	results/dashboard-paper/public-url-retrieval-audit-v0.1.tsv	104	url	link.springer.com	https://link.springer.com/article/10.1007/s00134-024-07752-6?error=cookies_not_supported&code=f793b2d9-eb20-4b45-bac0-0ad1ca73d21e	200	https://link.springer.com/article/10.1007/s00134-024-07752-6?error=cookies_not_supported&code=fd9de4ca-3284-4f32-bc8d-564f5564a9e2	text/html; charset=utf-8	2048		single small public status/sample check; no bypass, no legal or factual conclusion
2026-06-17T09:41:57Z	results/dashboard-paper/public-url-retrieval-audit-v0.1.tsv	105	url	link.springer.com	https://link.springer.com/article/10.1007/s00134-024-07752-6?error=cookies_not_supported&code=bccde63a-9fa3-4299-94c4-fbaa5b696037	200	https://link.springer.com/article/10.1007/s00134-024-07752-6?error=cookies_not_supported&code=e128e378-2ec5-4aef-962a-97d666b1803a	text/html; charset=utf-8	2048		single small public status/sample check; no bypass, no legal or factual conclusion
2026-06-17T09:41:57Z	results/dashboard-paper/public-url-retrieval-audit-v0.1.tsv	103	final_url	link.springer.com	https://link.springer.com/article/10.1007/s00134-024-07752-6?error=cookies_not_supported&code=dd776334-cad6-409d-9758-189def61b151	200	https://link.springer.com/article/10.1007/s00134-024-07752-6?error=cookies_not_supported&code=dc95e9aa-3358-4564-9eea-39297ca73eec	text/html; charset=utf-8	2048		single small public status/sample check; no bypass, no legal or factual conclusion
2026-06-17T09:41:57Z	results/dashboard-paper/public-url-retrieval-audit-v0.1.tsv	106	url	link.springer.com	https://link.springer.com/article/10.1007/s00134-024-07752-6?error=cookies_not_supported&code=c4239c69-3ebb-4aa4-8f4b-493e80460747	200	https://link.springer.com/article/10.1007/s00134-024-07752-6?error=cookies_not_supported&code=7ae8d8fb-9ff2-4012-980e-f72f98b38257	text/html; charset=utf-8	2048		single small public status/sample check; no bypass, no legal or factual conclusion
2026-06-17T09:41:57Z	results/dashboard-paper/public-url-retrieval-audit-v0.1.tsv	102	url	link.springer.com	https://link.springer.com/article/10.1007/s00134-024-07752-6?error=cookies_not_supported&code=89b2830c-cf11-483f-b8a6-667c701c37d3	200	https://link.springer.com/article/10.1007/s00134-024-07752-6?error=cookies_not_supported&code=c5b46fc0-68bd-4f38-935b-baf68893ed40	text/html; charset=utf-8	2048		single small public status/sample check; no bypass, no legal or factual conclusion
2026-06-17T09:41:57Z	results/dashboard-paper/public-url-retrieval-audit-v0.1.tsv	104	final_url	link.springer.com	https://link.springer.com/article/10.1007/s00134-024-07752-6?error=cookies_not_supported&code=c9974eea-92ab-46c3-bcb4-97cc15fa7f0e	200	https://link.springer.com/article/10.1007/s00134-024-07752-6?error=cookies_not_supported&code=5186e3af-a338-4176-873b-662e48a4b891	text/html; charset=utf-8	2048		single small public status/sample check; no bypass, no legal or factual conclusion
2026-06-17T09:41:57Z	results/dashboard-paper/public-url-retrieval-audit-v0.1.tsv	107	url	link.springer.com	https://link.springer.com/article/10.1007/s00134-024-07752-6?error=cookies_not_supported&code=3fd104c5-0fd1-40b5-9c6b-8e1cf5c481f3	200	https://link.springer.com/article/10.1007/s00134-024-07752-6?error=cookies_not_supported&code=92db8a18-d9e1-4814-9053-8cf7b90f95df	text/html; charset=utf-8	2048		single small public status/sample check; no bypass, no legal or factual conclusion
2026-06-17T09:41:57Z	results/dashboard-paper/public-url-retrieval-audit-v0.1.tsv	109	url	link.springer.com	https://link.springer.com/article/10.1007/s00134-024-07752-6?error=cookies_not_supported&code=75fd5f64-cc3c-4f43-8be2-3bb110875b9a	200	https://link.springer.com/article/10.1007/s00134-024-07752-6?error=cookies_not_supported&code=cf1c45a3-5d4a-46d2-a5ef-d5e0352dfacb	text/html; charset=utf-8	2048		single small public status/sample check; no bypass, no legal or factual conclusion
2026-06-17T09:41:57Z	results/dashboard-paper/public-url-retrieval-audit-v0.1.tsv	105	final_url	link.springer.com	https://link.springer.com/article/10.1007/s00134-024-07752-6?error=cookies_not_supported&code=b50eeff4-2d75-427a-bda8-96555e62e8b9	200	https://link.springer.com/article/10.1007/s00134-024-07752-6?error=cookies_not_supported&code=cc4a262a-819d-4411-bcd7-1c87f148f5ce	text/html; charset=utf-8	2048		single small public status/sample check; no bypass, no legal or factual conclusion
2026-06-17T09:41:57Z	results/dashboard-paper/public-url-retrieval-audit-v0.1.tsv	101	final_url	link.springer.com	https://link.springer.com/article/10.1007/s00134-024-07752-6?error=cookies_not_supported&code=7190fc35-094c-42d0-87b1-1e43ce15e66e	200	https://link.springer.com/article/10.1007/s00134-024-07752-6?error=cookies_not_supported&code=68efa994-9da2-4bcb-a4b7-306a79abbf85	text/html; charset=utf-8	2048		single small public status/sample check; no bypass, no legal or factual conclusion
2026-06-17T09:41:57Z	results/dashboard-paper/public-url-retrieval-audit-v0.1.tsv	110	url	link.springer.com	https://link.springer.com/article/10.1007/s00134-024-07752-6?error=cookies_not_supported&code=f090701e-710d-4710-9d71-c25e65a4cbdd	200	https://link.springer.com/article/10.1007/s00134-024-07752-6?error=cookies_not_supported&code=3a71520f-5bae-40a5-bdb7-ae14d051edea	text/html; charset=utf-8	2048		single small public status/sample check; no bypass, no legal or factual conclusion
2026-06-17T09:41:57Z	results/dashboard-paper/public-url-retrieval-audit-v0.1.tsv	109	final_url	link.springer.com	https://link.springer.com/article/10.1007/s00134-024-07752-6?error=cookies_not_supported&code=7838437e-d86f-4a8f-a7ad-00295ae875fa	200	https://link.springer.com/article/10.1007/s00134-024-07752-6?error=cookies_not_supported&code=28c68e41-9b11-4e6a-8304-aba7176dd0e4	text/html; charset=utf-8	2048		single small public status/sample check; no bypass, no legal or factual conclusion
2026-06-17T09:41:57Z	results/dashboard-paper/public-url-retrieval-audit-v0.1.tsv	108	final_url	link.springer.com	https://link.springer.com/article/10.1007/s00134-024-07752-6?error=cookies_not_supported&code=5127dd10-d657-4088-98c9-71415477f54e	200	https://link.springer.com/article/10.1007/s00134-024-07752-6?error=cookies_not_supported&code=bed1980a-ba6b-4b4a-9353-b1695d8728ea	text/html; charset=utf-8	2048		single small public status/sample check; no bypass, no legal or factual conclusion
2026-06-17T09:41:57Z	results/dashboard-paper/public-url-retrieval-audit-v0.1.tsv	108	url	link.springer.com	https://link.springer.com/article/10.1007/s00134-024-07752-6?error=cookies_not_supported&code=15dc5833-b49b-4001-889f-36f66e75130e	200	https://link.springer.com/article/10.1007/s00134-024-07752-6?error=cookies_not_supported&code=db8c27de-f47d-45f2-b4c9-c1773c95a489	text/html; charset=utf-8	2048		single small public status/sample check; no bypass, no legal or factual conclusion
2026-06-17T09:41:57Z	results/dashboard-paper/public-url-retrieval-audit-v0.1.tsv	111	final_url	link.springer.com	https://link.springer.com/article/10.1007/s00134-024-07752-6?error=cookies_not_supported&code=22171c5d-2ea8-4f18-9851-2f7667dae560	200	https://link.springer.com/article/10.1007/s00134-024-07752-6?error=cookies_not_supported&code=3bb21ec9-51bd-46af-8b49-fff7b01948ce	text/html; charset=utf-8	2048		single small public status/sample check; no bypass, no legal or factual conclusion
2026-06-17T09:41:57Z	results/dashboard-paper/public-url-retrieval-audit-v0.1.tsv	110	final_url	link.springer.com	https://link.springer.com/article/10.1007/s00134-024-07752-6?error=cookies_not_supported&code=99a6c250-b0e2-4ace-97de-572bd5abdb46	200	https://link.springer.com/article/10.1007/s00134-024-07752-6?error=cookies_not_supported&code=518792d5-e768-459c-9bd6-03813242917a	text/html; charset=utf-8	2048		single small public status/sample check; no bypass, no legal or factual conclusion
2026-06-17T09:41:57Z	results/dashboard-paper/public-url-retrieval-audit-v0.1.tsv	112	url	link.springer.com	https://link.springer.com/article/10.1007/s00134-024-07752-6?error=cookies_not_supported&code=764db7ec-369b-4a5b-a579-77ee343373de	200	https://link.springer.com/article/10.1007/s00134-024-07752-6?error=cookies_not_supported&code=73fa0d18-c8f6-4309-bfbf-2407433e60e8	text/html; charset=utf-8	2048		single small public status/sample check; no bypass, no legal or factual conclusion
2026-06-17T09:41:57Z	results/dashboard-paper/public-url-retrieval-audit-v0.1.tsv	107	final_url	link.springer.com	https://link.springer.com/article/10.1007/s00134-024-07752-6?error=cookies_not_supported&code=e235407f-a996-4c6b-b55d-e1dda01dd770	200	https://link.springer.com/article/10.1007/s00134-024-07752-6?error=cookies_not_supported&code=c48cab22-7313-4585-bb2d-24abdbdc077b	text/html; charset=utf-8	2048		single small public status/sample check; no bypass, no legal or factual conclusion
2026-06-17T09:41:57Z	results/dashboard-paper/public-url-retrieval-audit-v0.1.tsv	111	url	link.springer.com	https://link.springer.com/article/10.1007/s00134-024-07752-6?error=cookies_not_supported&code=1db21a01-66de-49f4-9393-2e6a11dc9450	200	https://link.springer.com/article/10.1007/s00134-024-07752-6?error=cookies_not_supported&code=057b5f75-38f0-4d68-aa63-19ee4d6f9f74	text/html; charset=utf-8	2048		single small public status/sample check; no bypass, no legal or factual conclusion
2026-06-17T09:41:57Z	results/dashboard-paper/public-url-retrieval-audit-v0.1.tsv	112	final_url	link.springer.com	https://link.springer.com/article/10.1007/s00134-024-07752-6?error=cookies_not_supported&code=f07da9a8-b178-4cc1-9e03-2547b3e08838	200	https://link.springer.com/article/10.1007/s00134-024-07752-6?error=cookies_not_supported&code=503489ed-0b91-4aaa-bc08-abe7ae723c72	text/html; charset=utf-8	2048		single small public status/sample check; no bypass, no legal or factual conclusion
2026-06-17T09:41:57Z	results/dashboard-paper/public-url-retrieval-audit-v0.1.tsv	114	url	link.springer.com	https://link.springer.com/article/10.1007/s00134-024-07752-6?error=cookies_not_supported&code=875c2df5-bacf-47f0-8144-3959ea0a79fe	200	https://link.springer.com/article/10.1007/s00134-024-07752-6?error=cookies_not_supported&code=034c4657-7a7a-4042-a055-a67292c28a79	text/html; charset=utf-8	2048		single small public status/sample check; no bypass, no legal or factual conclusion
2026-06-17T09:41:57Z	results/dashboard-paper/public-url-retrieval-audit-v0.1.tsv	113	final_url	link.springer.com	https://link.springer.com/article/10.1007/s00134-024-07752-6?error=cookies_not_supported&code=c56d38c7-757e-428e-a6c3-cbac685e6d42	200	https://link.springer.com/article/10.1007/s00134-024-07752-6?error=cookies_not_supported&code=323cfca8-3d32-43c8-aa64-91465f1bf238	text/html; charset=utf-8	2048		single small public status/sample check; no bypass, no legal or factual conclusion
2026-06-17T09:41:57Z	results/dashboard-paper/public-url-retrieval-audit-v0.1.tsv	114	final_url	link.springer.com	https://link.springer.com/article/10.1007/s00134-024-07752-6?error=cookies_not_supported&code=11ea20b3-0f9e-433f-995d-92f184d6bbf1	200	https://link.springer.com/article/10.1007/s00134-024-07752-6?error=cookies_not_supported&code=796f2491-2eaf-42f7-9380-43f3463da848	text/html; charset=utf-8	2048		single small public status/sample check; no bypass, no legal or factual conclusion
2026-06-17T09:41:57Z	results/dashboard-paper/public-url-retrieval-audit-v0.1.tsv	113	url	link.springer.com	https://link.springer.com/article/10.1007/s00134-024-07752-6?error=cookies_not_supported&code=fd82601c-7de5-4dd2-94c9-e8a0f2e89cc3	200	https://link.springer.com/article/10.1007/s00134-024-07752-6?error=cookies_not_supported&code=6c8c27b9-19a8-40ca-8a68-ec7c7710eb92	text/html; charset=utf-8	2048		single small public status/sample check; no bypass, no legal or factual conclusion
2026-06-17T09:41:57Z	results/dashboard-paper/public-url-retrieval-audit-v0.1.tsv	115	url	link.springer.com	https://link.springer.com/article/10.1007/s00134-024-07752-6?error=cookies_not_supported&code=5b4f3445-ce8e-448e-ae5c-972638c4dc2a	200	https://link.springer.com/article/10.1007/s00134-024-07752-6?error=cookies_not_supported&code=05660307-3a28-4911-a7c4-29da6e6eac85	text/html; charset=utf-8	2048		single small public status/sample check; no bypass, no legal or factual conclusion
2026-06-17T09:41:57Z	results/dashboard-paper/public-url-retrieval-audit-v0.1.tsv	115	final_url	link.springer.com	https://link.springer.com/article/10.1007/s00134-024-07752-6?error=cookies_not_supported&code=8be81edf-be50-422f-99af-acf9859218fb	200	https://link.springer.com/article/10.1007/s00134-024-07752-6?error=cookies_not_supported&code=64854845-4817-44dd-942a-7afb3a5cb4fa	text/html; charset=utf-8	2048		single small public status/sample check; no bypass, no legal or factual conclusion
2026-06-17T09:41:57Z	results/dashboard-paper/public-url-retrieval-audit-v0.1.tsv	116	final_url	link.springer.com	https://link.springer.com/article/10.1007/s00134-024-07752-6?error=cookies_not_supported&code=092ba980-25d2-46f8-8e73-34849791a148	200	https://link.springer.com/article/10.1007/s00134-024-07752-6?error=cookies_not_supported&code=3e79cd91-5c06-4c73-87be-7fc8ea18a1a4	text/html; charset=utf-8	2048		single small public status/sample check; no bypass, no legal or factual conclusion
2026-06-17T09:41:58Z	results/dashboard-paper/public-url-retrieval-audit-v0.1.tsv	116	url	link.springer.com	https://link.springer.com/article/10.1007/s00134-024-07752-6?error=cookies_not_supported&code=9c15895e-2f58-404b-8f15-59cca33b3ca3	200	https://link.springer.com/article/10.1007/s00134-024-07752-6?error=cookies_not_supported&code=bdb11fd2-5be6-4bad-b422-b197fc103118	text/html; charset=utf-8	2048		single small public status/sample check; no bypass, no legal or factual conclusion
2026-06-17T09:41:58Z	results/dashboard-paper/public-url-retrieval-audit-v0.1.tsv	117	final_url	link.springer.com	https://link.springer.com/article/10.1007/s00134-024-07752-6?error=cookies_not_supported&code=6941b5d1-7869-4b54-afde-aa0efe969130	200	https://link.springer.com/article/10.1007/s00134-024-07752-6?error=cookies_not_supported&code=ded7bc40-d77a-45ae-ae9b-ad29b27be4c4	text/html; charset=utf-8	2048		single small public status/sample check; no bypass, no legal or factual conclusion
2026-06-17T09:41:58Z	results/dashboard-paper/public-url-retrieval-audit-v0.1.tsv	117	url	link.springer.com	https://link.springer.com/article/10.1007/s00134-024-07752-6?error=cookies_not_supported&code=382eadb6-d832-4908-b59e-f0ddb5b79563	200	https://link.springer.com/article/10.1007/s00134-024-07752-6?error=cookies_not_supported&code=7918ac8f-3f68-417b-b767-f8972bea2e5c	text/html; charset=utf-8	2048		single small public status/sample check; no bypass, no legal or factual conclusion
2026-06-17T09:41:58Z	results/dashboard-paper/public-url-retrieval-audit-v0.1.tsv	118	url	link.springer.com	https://link.springer.com/article/10.1007/s00134-024-07752-6?error=cookies_not_supported&code=fe0e12a6-7ebe-4bd8-9aa1-aba4b7b33f50	200	https://link.springer.com/article/10.1007/s00134-024-07752-6?error=cookies_not_supported&code=a14ed5c3-e789-483a-a479-8363a2cdaaa9	text/html; charset=utf-8	2048		single small public status/sample check; no bypass, no legal or factual conclusion
2026-06-17T09:41:58Z	results/dashboard-paper/public-url-retrieval-audit-v0.1.tsv	118	final_url	link.springer.com	https://link.springer.com/article/10.1007/s00134-024-07752-6?error=cookies_not_supported&code=ddb0aa66-a80b-4003-8be6-0944231e1dcc	200	https://link.springer.com/article/10.1007/s00134-024-07752-6?error=cookies_not_supported&code=3457449b-b614-49c5-91ef-41fe48fa59c0	text/html; charset=utf-8	2048		single small public status/sample check; no bypass, no legal or factual conclusion
2026-06-17T09:41:58Z	results/dashboard-paper/public-url-retrieval-audit-v0.1.tsv	119	final_url	link.springer.com	https://link.springer.com/article/10.1007/s00134-024-07752-6?error=cookies_not_supported&code=ad826e15-f71a-4f30-9ca6-2f253c04dc1b	200	https://link.springer.com/article/10.1007/s00134-024-07752-6?error=cookies_not_supported&code=a33058f2-2024-4d2b-ac68-e0fdf47ff21e	text/html; charset=utf-8	2048		single small public status/sample check; no bypass, no legal or factual conclusion
2026-06-17T09:41:58Z	results/dashboard-paper/public-url-retrieval-audit-v0.1.tsv	119	url	link.springer.com	https://link.springer.com/article/10.1007/s00134-024-07752-6?error=cookies_not_supported&code=beec7c0a-27b5-4f14-abc8-f847d11f0b48	200	https://link.springer.com/article/10.1007/s00134-024-07752-6?error=cookies_not_supported&code=51e26944-543c-4492-a369-e1b814f079d5	text/html; charset=utf-8	2048		single small public status/sample check; no bypass, no legal or factual conclusion
2026-06-17T09:41:58Z	results/dashboard-paper/public-url-retrieval-audit-v0.1.tsv	120	url	link.springer.com	https://link.springer.com/article/10.1007/s00134-024-07752-6?error=cookies_not_supported&code=6856601e-c855-4b8f-9c54-4c2541d7a871	200	https://link.springer.com/article/10.1007/s00134-024-07752-6?error=cookies_not_supported&code=53f33b09-10b1-48bb-b3a2-5e0541c14eed	text/html; charset=utf-8	2048		single small public status/sample check; no bypass, no legal or factual conclusion
2026-06-17T09:41:58Z	results/dashboard-paper/public-url-retrieval-audit-v0.1.tsv	122	url	link.springer.com	https://link.springer.com/article/10.1007/s00134-024-07752-6?error=cookies_not_supported&code=23ed767b-bef3-49ce-beaf-dc4236a0291a	200	https://link.springer.com/article/10.1007/s00134-024-07752-6?error=cookies_not_supported&code=d3890459-51d2-44ad-9076-53f5aca6813c	text/html; charset=utf-8	2048		single small public status/sample check; no bypass, no legal or factual conclusion
2026-06-17T09:41:58Z	results/dashboard-paper/public-url-retrieval-audit-v0.1.tsv	121	final_url	link.springer.com	https://link.springer.com/article/10.1007/s00134-024-07752-6?error=cookies_not_supported&code=26b9a915-392b-4eda-b23e-243a89ca316d	200	https://link.springer.com/article/10.1007/s00134-024-07752-6?error=cookies_not_supported&code=4067994f-09f1-4c5c-9dd9-e41a020d9a18	text/html; charset=utf-8	2048		single small public status/sample check; no bypass, no legal or factual conclusion
2026-06-17T09:41:58Z	results/dashboard-paper/public-url-retrieval-audit-v0.1.tsv	121	url	link.springer.com	https://link.springer.com/article/10.1007/s00134-024-07752-6?error=cookies_not_supported&code=18d94254-3c35-4df7-b957-a5c6a70b430a	200	https://link.springer.com/article/10.1007/s00134-024-07752-6?error=cookies_not_supported&code=279f8975-c452-4f04-ad96-1e01738cffda	text/html; charset=utf-8	2048		single small public status/sample check; no bypass, no legal or factual conclusion
2026-06-17T09:41:58Z	results/dashboard-paper/public-url-retrieval-audit-v0.1.tsv	120	final_url	link.springer.com	https://link.springer.com/article/10.1007/s00134-024-07752-6?error=cookies_not_supported&code=79465d49-d6ac-458f-afd1-50127897b860	200	https://link.springer.com/article/10.1007/s00134-024-07752-6?error=cookies_not_supported&code=9e9ba491-d5bc-4fd3-b1d4-76fb84d304e4	text/html; charset=utf-8	2048		single small public status/sample check; no bypass, no legal or factual conclusion
2026-06-17T09:41:58Z	results/dashboard-paper/public-url-retrieval-audit-v0.1.tsv	125	url	link.springer.com	https://link.springer.com/article/10.1007/s00134-024-07752-6?error=cookies_not_supported&code=604d5ca7-ac9b-4f26-a08f-0156697d668c	200	https://link.springer.com/article/10.1007/s00134-024-07752-6?error=cookies_not_supported&code=056942ef-d7aa-4ad0-817b-b51e9922c75e	text/html; charset=utf-8	2048		single small public status/sample check; no bypass, no legal or factual conclusion
2026-06-17T09:41:58Z	results/dashboard-paper/public-url-retrieval-audit-v0.1.tsv	124	url	link.springer.com	https://link.springer.com/article/10.1007/s00134-024-07752-6?error=cookies_not_supported&code=210453c5-77ce-413d-86f8-899ef39f5f12	200	https://link.springer.com/article/10.1007/s00134-024-07752-6?error=cookies_not_supported&code=31e66eea-2f86-4c84-b4e6-bf1249d9c60c	text/html; charset=utf-8	2048		single small public status/sample check; no bypass, no legal or factual conclusion
2026-06-17T09:41:58Z	results/dashboard-paper/public-url-retrieval-audit-v0.1.tsv	123	final_url	link.springer.com	https://link.springer.com/article/10.1007/s00134-024-07752-6?error=cookies_not_supported&code=4cbdb0b5-b7cf-45b8-b046-31f411b02a95	200	https://link.springer.com/article/10.1007/s00134-024-07752-6?error=cookies_not_supported&code=f6aec3ec-7ac9-4449-88b5-3e26cebe8498	text/html; charset=utf-8	2048		single small public status/sample check; no bypass, no legal or factual conclusion
2026-06-17T09:41:58Z	results/dashboard-paper/public-url-retrieval-audit-v0.1.tsv	124	final_url	link.springer.com	https://link.springer.com/article/10.1007/s00134-024-07752-6?error=cookies_not_supported&code=ff30a7a6-0c02-4dd4-9cf4-d2357c55c690	200	https://link.springer.com/article/10.1007/s00134-024-07752-6?error=cookies_not_supported&code=0144b407-ccb3-4464-bc70-c04548808549	text/html; charset=utf-8	2048		single small public status/sample check; no bypass, no legal or factual conclusion
2026-06-17T09:41:58Z	results/dashboard-paper/public-url-retrieval-audit-v0.1.tsv	122	final_url	link.springer.com	https://link.springer.com/article/10.1007/s00134-024-07752-6?error=cookies_not_supported&code=0077c922-3e79-40ee-a9a2-4f9ecd2edd34	200	https://link.springer.com/article/10.1007/s00134-024-07752-6?error=cookies_not_supported&code=d06af2f0-ae18-432a-9e91-13573f699a6d	text/html; charset=utf-8	2048		single small public status/sample check; no bypass, no legal or factual conclusion
2026-06-17T09:41:58Z	results/dashboard-paper/public-url-retrieval-audit-v0.1.tsv	127	final_url	link.springer.com	https://link.springer.com/article/10.1007/s00134-024-07752-6?error=cookies_not_supported&code=81fdb94f-4adb-4a17-babe-6d21776c61aa	200	https://link.springer.com/article/10.1007/s00134-024-07752-6?error=cookies_not_supported&code=d1ac7b17-3512-4ebc-9a06-8da2d272a21b	text/html; charset=utf-8	2048		single small public status/sample check; no bypass, no legal or factual conclusion
2026-06-17T09:41:58Z	results/dashboard-paper/public-url-retrieval-audit-v0.1.tsv	126	final_url	link.springer.com	https://link.springer.com/article/10.1007/s00134-024-07752-6?error=cookies_not_supported&code=0b496ce9-79ba-45c3-92c2-cdd003e62606	200	https://link.springer.com/article/10.1007/s00134-024-07752-6?error=cookies_not_supported&code=65ccb81d-4139-4ea6-8c6b-297936e96031	text/html; charset=utf-8	2048		single small public status/sample check; no bypass, no legal or factual conclusion
2026-06-17T09:41:58Z	results/dashboard-paper/public-url-retrieval-audit-v0.1.tsv	125	final_url	link.springer.com	https://link.springer.com/article/10.1007/s00134-024-07752-6?error=cookies_not_supported&code=a31d7d2b-8bce-4fe8-bd64-0a10b29ef3cb	200	https://link.springer.com/article/10.1007/s00134-024-07752-6?error=cookies_not_supported&code=133f2879-a4d0-4b4c-a6f8-229078387c8e	text/html; charset=utf-8	2048		single small public status/sample check; no bypass, no legal or factual conclusion
2026-06-17T09:41:58Z	results/dashboard-paper/public-url-retrieval-audit-v0.1.tsv	128	final_url	link.springer.com	https://link.springer.com/article/10.1007/s00134-024-07752-6?error=cookies_not_supported&code=ac154c87-69e7-494a-9a93-441a2d70aa71	200	https://link.springer.com/article/10.1007/s00134-024-07752-6?error=cookies_not_supported&code=81214ef7-6017-483f-b73e-3cb4f1ad0279	text/html; charset=utf-8	2048		single small public status/sample check; no bypass, no legal or factual conclusion
2026-06-17T09:41:58Z	results/dashboard-paper/public-url-retrieval-audit-v0.1.tsv	127	url	link.springer.com	https://link.springer.com/article/10.1007/s00134-024-07752-6?error=cookies_not_supported&code=e6c5d7c1-c2d7-4a84-bb73-eb7e90854480	200	https://link.springer.com/article/10.1007/s00134-024-07752-6?error=cookies_not_supported&code=982b686f-55e0-43eb-a814-20d2df0e2144	text/html; charset=utf-8	2048		single small public status/sample check; no bypass, no legal or factual conclusion
2026-06-17T09:41:58Z	results/dashboard-paper/public-url-retrieval-audit-v0.1.tsv	123	url	link.springer.com	https://link.springer.com/article/10.1007/s00134-024-07752-6?error=cookies_not_supported&code=aa23be87-8c19-4776-aa1f-243c8de97b69	200	https://link.springer.com/article/10.1007/s00134-024-07752-6?error=cookies_not_supported&code=030f976a-87a4-4eff-9f82-8ffb61e9a496	text/html; charset=utf-8	2048		single small public status/sample check; no bypass, no legal or factual conclusion
2026-06-17T09:41:58Z	results/dashboard-paper/public-url-retrieval-audit-v0.1.tsv	126	url	link.springer.com	https://link.springer.com/article/10.1007/s00134-024-07752-6?error=cookies_not_supported&code=00d3726d-1e91-4a12-8ebd-c86b2944dfd5	200	https://link.springer.com/article/10.1007/s00134-024-07752-6?error=cookies_not_supported&code=837a8bc6-c8b0-4a98-8492-5ba3c3957355	text/html; charset=utf-8	2048		single small public status/sample check; no bypass, no legal or factual conclusion
2026-06-17T09:41:58Z	results/dashboard-paper/public-url-retrieval-audit-v0.1.tsv	129	url	link.springer.com	https://link.springer.com/article/10.1007/s00134-024-07752-6?error=cookies_not_supported&code=094ff1a9-75ab-4e2a-a44c-761d454eb2aa	200	https://link.springer.com/article/10.1007/s00134-024-07752-6?error=cookies_not_supported&code=c32f1b77-af50-41cf-afad-4a79ab0c4792	text/html; charset=utf-8	2048		single small public status/sample check; no bypass, no legal or factual conclusion
2026-06-17T09:41:58Z	results/dashboard-paper/public-url-retrieval-audit-v0.1.tsv	130	url	link.springer.com	https://link.springer.com/article/10.1007/s00134-024-07752-6?error=cookies_not_supported&code=b7b1a4cb-bbc1-4ff4-b3cb-98bfbeee4f8e	200	https://link.springer.com/article/10.1007/s00134-024-07752-6?error=cookies_not_supported&code=948af127-2253-4ff4-93ae-1cdcd0202c0d	text/html; charset=utf-8	2048		single small public status/sample check; no bypass, no legal or factual conclusion
2026-06-17T09:41:58Z	results/dashboard-paper/public-url-retrieval-audit-v0.1.tsv	128	url	link.springer.com	https://link.springer.com/article/10.1007/s00134-024-07752-6?error=cookies_not_supported&code=e7799f00-0840-471c-8d79-736337c719cf	200	https://link.springer.com/article/10.1007/s00134-024-07752-6?error=cookies_not_supported&code=6add6e8c-34ad-4282-8fe9-aa7bd683dabb	text/html; charset=utf-8	2048		single small public status/sample check; no bypass, no legal or factual conclusion
2026-06-17T09:41:58Z	results/dashboard-paper/public-url-retrieval-audit-v0.1.tsv	129	final_url	link.springer.com	https://link.springer.com/article/10.1007/s00134-024-07752-6?error=cookies_not_supported&code=fe2519a2-c6ea-424c-9551-4015040139ca	200	https://link.springer.com/article/10.1007/s00134-024-07752-6?error=cookies_not_supported&code=624a0e15-d6be-42e4-9351-5dbce3b27157	text/html; charset=utf-8	2048		single small public status/sample check; no bypass, no legal or factual conclusion
2026-06-17T09:41:58Z	results/dashboard-paper/public-url-retrieval-audit-v0.1.tsv	132	url	link.springer.com	https://link.springer.com/article/10.1007/s00134-024-07752-6?error=cookies_not_supported&code=135b1daf-aa54-4dcb-a24a-b5673dede3e7	200	https://link.springer.com/article/10.1007/s00134-024-07752-6?error=cookies_not_supported&code=4a3004b2-dbfe-4baf-bc1a-23fa753b7e28	text/html; charset=utf-8	2048		single small public status/sample check; no bypass, no legal or factual conclusion
2026-06-17T09:41:58Z	results/dashboard-paper/public-url-retrieval-audit-v0.1.tsv	131	url	link.springer.com	https://link.springer.com/article/10.1007/s00134-024-07752-6?error=cookies_not_supported&code=3d48cb89-e0e0-4d56-92d8-ec12752eefec	200	https://link.springer.com/article/10.1007/s00134-024-07752-6?error=cookies_not_supported&code=35bbe015-b33b-4a6e-840c-2fe143ca28bf	text/html; charset=utf-8	2048		single small public status/sample check; no bypass, no legal or factual conclusion
2026-06-17T09:41:58Z	results/dashboard-paper/public-url-retrieval-audit-v0.1.tsv	130	final_url	link.springer.com	https://link.springer.com/article/10.1007/s00134-024-07752-6?error=cookies_not_supported&code=0b09446e-98b2-4698-b292-59fb49a30cde	200	https://link.springer.com/article/10.1007/s00134-024-07752-6?error=cookies_not_supported&code=8dc0597f-1c57-45e6-8633-da83baeb53ad	text/html; charset=utf-8	2048		single small public status/sample check; no bypass, no legal or factual conclusion
2026-06-17T09:41:58Z	results/dashboard-paper/public-url-retrieval-audit-v0.1.tsv	131	final_url	link.springer.com	https://link.springer.com/article/10.1007/s00134-024-07752-6?error=cookies_not_supported&code=2e1fd49e-d466-4eb2-821c-0f72aaf5303d	200	https://link.springer.com/article/10.1007/s00134-024-07752-6?error=cookies_not_supported&code=a2817c19-16aa-4c25-94d3-7debd7e118a5	text/html; charset=utf-8	2048		single small public status/sample check; no bypass, no legal or factual conclusion
2026-06-17T09:41:58Z	results/dashboard-paper/public-url-retrieval-audit-v0.1.tsv	132	final_url	link.springer.com	https://link.springer.com/article/10.1007/s00134-024-07752-6?error=cookies_not_supported&code=4826db01-890c-47e7-ba7d-71a150a7bd48	200	https://link.springer.com/article/10.1007/s00134-024-07752-6?error=cookies_not_supported&code=645ec315-3bb6-4011-8f7c-111f770e315a	text/html; charset=utf-8	2048		single small public status/sample check; no bypass, no legal or factual conclusion
2026-06-17T09:41:58Z	results/dashboard-paper/public-url-retrieval-audit-v0.1.tsv	139	url	poliisi.fi	https://poliisi.fi/-/uusia-nimityksia-rikostarkastajan-ja-poliisilakimiehen-virkoihin	200	https://poliisi.fi/-/uusia-nimityksia-rikostarkastajan-ja-poliisilakimiehen-virkoihin	text/html;charset=UTF-8	2048		single small public status/sample check; no bypass, no legal or factual conclusion
2026-06-17T09:41:58Z	results/dashboard-paper/public-url-retrieval-audit-v0.1.tsv	134	final_url	link.springer.com	https://link.springer.com/article/10.1007/s00134-024-07752-6?error=cookies_not_supported&code=04ca6678-b44f-499e-ace2-08be1a3a5b52	200	https://link.springer.com/article/10.1007/s00134-024-07752-6?error=cookies_not_supported&code=881a79f4-ee11-4a37-98b6-59fb73025ec8	text/html; charset=utf-8	2048		single small public status/sample check; no bypass, no legal or factual conclusion
2026-06-17T09:41:58Z	results/dashboard-paper/public-url-retrieval-audit-v0.1.tsv	134	url	link.springer.com	https://link.springer.com/article/10.1007/s00134-024-07752-6?error=cookies_not_supported&code=c8fbc2dd-1a5c-4045-a465-b1a07d7b9012	200	https://link.springer.com/article/10.1007/s00134-024-07752-6?error=cookies_not_supported&code=a8af75e0-038e-4a3b-8967-2a494bf448dc	text/html; charset=utf-8	2048		single small public status/sample check; no bypass, no legal or factual conclusion
2026-06-17T09:41:59Z	results/dashboard-paper/public-url-retrieval-audit-v0.1.tsv	137	url	link.springer.com	https://link.springer.com/article/10.1007/s00134-024-07752-6?error=cookies_not_supported&code=e4502ba9-a746-4e4c-92c5-c8e977074ff3	200	https://link.springer.com/article/10.1007/s00134-024-07752-6?error=cookies_not_supported&code=38106762-8e57-416b-abc6-fb988fdfbcba	text/html; charset=utf-8	2048		single small public status/sample check; no bypass, no legal or factual conclusion
2026-06-17T09:41:59Z	results/dashboard-paper/public-url-retrieval-audit-v0.1.tsv	135	url	link.springer.com	https://link.springer.com/article/10.1007/s00134-024-07752-6?error=cookies_not_supported&code=bf619358-fe1e-438f-80d3-4bd9e0a56f2d	200	https://link.springer.com/article/10.1007/s00134-024-07752-6?error=cookies_not_supported&code=6266fb87-9daf-485f-a5ca-9545d0fa9432	text/html; charset=utf-8	2048		single small public status/sample check; no bypass, no legal or factual conclusion
2026-06-17T09:41:59Z	results/dashboard-paper/public-url-retrieval-audit-v0.1.tsv	136	url	link.springer.com	https://link.springer.com/article/10.1007/s00134-024-07752-6?error=cookies_not_supported&code=36c3fb96-e6dd-4f98-a2ef-ed252f890bb4	200	https://link.springer.com/article/10.1007/s00134-024-07752-6?error=cookies_not_supported&code=0684b998-8928-4888-9c88-9b663c251f97	text/html; charset=utf-8	2048		single small public status/sample check; no bypass, no legal or factual conclusion
2026-06-17T09:41:59Z	results/dashboard-paper/public-url-retrieval-audit-v0.1.tsv	135	final_url	link.springer.com	https://link.springer.com/article/10.1007/s00134-024-07752-6?error=cookies_not_supported&code=88aa7e76-4b95-4559-af8e-61ea20e3eb77	200	https://link.springer.com/article/10.1007/s00134-024-07752-6?error=cookies_not_supported&code=76112666-0143-4a04-b8f4-614a721e23a8	text/html; charset=utf-8	2048		single small public status/sample check; no bypass, no legal or factual conclusion
2026-06-17T09:41:59Z	results/dashboard-paper/public-url-retrieval-audit-v0.1.tsv	137	final_url	link.springer.com	https://link.springer.com/article/10.1007/s00134-024-07752-6?error=cookies_not_supported&code=316bf21b-ef01-4593-b337-77a49249f8cc	200	https://link.springer.com/article/10.1007/s00134-024-07752-6?error=cookies_not_supported&code=049de0dd-b84a-4e00-820c-9ad12610540f	text/html; charset=utf-8	2048		single small public status/sample check; no bypass, no legal or factual conclusion
2026-06-17T09:41:59Z	results/dashboard-paper/public-url-retrieval-audit-v0.1.tsv	138	final_url	link.springer.com	https://link.springer.com/article/10.1007/s00134-024-07752-6?error=cookies_not_supported&code=af2c338a-6e9c-4cb5-a9e9-ca43a0d22043	200	https://link.springer.com/article/10.1007/s00134-024-07752-6?error=cookies_not_supported&code=fbb08943-3c49-472f-8318-5a1778b7581b	text/html; charset=utf-8	2048		single small public status/sample check; no bypass, no legal or factual conclusion
2026-06-17T09:41:59Z	results/dashboard-paper/public-url-retrieval-audit-v0.1.tsv	136	final_url	link.springer.com	https://link.springer.com/article/10.1007/s00134-024-07752-6?error=cookies_not_supported&code=dddc18e7-2415-44c3-909f-4fd1169e0ae7	200	https://link.springer.com/article/10.1007/s00134-024-07752-6?error=cookies_not_supported&code=05786509-896f-4798-97a9-ee19755e9d6a	text/html; charset=utf-8	2048		single small public status/sample check; no bypass, no legal or factual conclusion
2026-06-17T09:41:59Z	results/dashboard-paper/public-url-retrieval-audit-v0.1.tsv	133	url	ico.org.uk	https://ico.org.uk/action-weve-taken/enforcement/chelmer-valley-high-school/	200	https://ico.org.uk/action-weve-taken/enforcement/2024/07/chelmer-valley-high-school/	text/html; charset=utf-8	2048		single small public status/sample check; no bypass, no legal or factual conclusion
2026-06-17T09:41:59Z	results/dashboard-paper/public-url-retrieval-audit-v0.1.tsv	138	url	link.springer.com	https://link.springer.com/article/10.1007/s00134-024-07752-6?error=cookies_not_supported&code=a17daa2c-a21c-4bb9-aa0b-52d6d143b4b3	200	https://link.springer.com/article/10.1007/s00134-024-07752-6?error=cookies_not_supported&code=63dc2271-b9bd-4638-b0fc-7c8cd7956ab9	text/html; charset=utf-8	2048		single small public status/sample check; no bypass, no legal or factual conclusion
2026-06-17T09:41:59Z	results/dashboard-paper/public-url-retrieval-audit-v0.1.tsv	140	url	link.springer.com	https://link.springer.com/article/10.1007/s00134-024-07752-6?error=cookies_not_supported&code=de105486-3718-42a4-a7d9-ce800b4f9b65	200	https://link.springer.com/article/10.1007/s00134-024-07752-6?error=cookies_not_supported&code=a4674bf6-d204-46b3-8641-d70d1e473202	text/html; charset=utf-8	2048		single small public status/sample check; no bypass, no legal or factual conclusion
2026-06-17T09:41:59Z	results/dashboard-paper/public-url-retrieval-audit-v0.1.tsv	140	final_url	link.springer.com	https://link.springer.com/article/10.1007/s00134-024-07752-6?error=cookies_not_supported&code=03ed3c7e-f59c-4c49-a177-53f3369ec748	200	https://link.springer.com/article/10.1007/s00134-024-07752-6?error=cookies_not_supported&code=76f9872f-32bb-4eb8-9fee-0999711aa233	text/html; charset=utf-8	2048		single small public status/sample check; no bypass, no legal or factual conclusion
