signal_id	source_review_verdict	source_review_role	reason	claim_ceiling	next_action	source_path
LIMEN-SIGNAL-CEA071B57C53B85A	negative_evidence_candidate	negative_search	Local source/search summary records a negative or absence result.	negative evidence only from bounded local review	keep as bounded gap evidence	/srv/tyche/pallas/pallas-ai-agent-observatory/results/hypothesis-lab/pallas-confidence-burden-typology-v0.1.json
LIMEN-SIGNAL-CEA12068B6A7F06E	needs_named_source_extraction	internal_aggregate	Internal corpus/atlas aggregate cites a source but does not expose a standalone reviewable source surface row.	source-surface existence only from local metadata/files	extract the named source surface from the aggregate	/srv/tyche/atlas/tyche-thesis-atlas-factory/corpus/v0.2-working/records/nordic-language-history.jsonl
LIMEN-SIGNAL-CEA2197FEF4C632B	needs_named_source_extraction	internal_aggregate	Internal corpus/atlas aggregate cites a source but does not expose a standalone reviewable source surface row.	source-surface existence only from local metadata/files	extract the named source surface from the aggregate	/srv/tyche/gaia/tyche-research-vault/submissions/eu-agent-atlas-release-2026-06-01/02-zenodo-artifact/artifact/data/eu-agent-atlas-v0.1/snapshots/ai.hel.fi-9b3e4d8c07f744a5.bin
LIMEN-SIGNAL-CEAAF83253274E88	reject_noise	internal_artifact	Internal LIMEN/atlas working artifact (boost/methodology/manuscript/preprint/notes/site-build/script), not a direct source surface.	no claim; queue-hygiene only	drop from direct-source queue	/srv/tyche/pallas/pallas-ai-agent-observatory/program/02-world-data-descriptor/RESULT.md
LIMEN-SIGNAL-CEAED754946F1FAD	negative_evidence_candidate	negative_search	Local source/search summary records a negative or absence result.	negative evidence only from bounded local review	keep as bounded gap evidence	/srv/tyche/pallas/pallas-ai-agent-observatory/reports/PALLAS_SECOND_PASS_SCORE_CHANGES.csv
LIMEN-SIGNAL-CEB14BF7EB2F087D	needs_named_source_extraction	source_pack_proxy	Source-pack/index/profile row points toward a source but does not expose a named reviewable surface.	source-surface existence only from local metadata/files	extract the named source surface from local materials	/srv/tyche/pallas/pallas-ai-agent-observatory/reports/PALLAS_READINESS_SPRINT_2_COUNTRY_MATRIX.csv
LIMEN-SIGNAL-CEB3A837CBD744F3	needs_named_source_extraction	source_pack_proxy	Source-pack/index/profile row points toward a source but does not expose a named reviewable surface.	source-surface existence only from local metadata/files	extract the named source surface from local materials	/srv/tyche/pallas/pallas-ai-agent-observatory/reports/PALLAS_SECOND_PASS_CANDIDATE_MATRIX_DELTA.csv
LIMEN-SIGNAL-CEB9FE2B23D2FD76	reject_noise	internal_artifact	Internal LIMEN/atlas working artifact (boost/methodology/manuscript/preprint/notes/site-build/script), not a direct source surface.	no claim; queue-hygiene only	drop from direct-source queue	/srv/tyche/projects/public-ai-registry/results/boost/public-ai-registry-boost-014/gap-map-observatory-card-v0.1.json
LIMEN-SIGNAL-CEC5EAF4BC963B49	reject_noise	internal_artifact	Internal LIMEN/atlas working artifact (boost/methodology/manuscript/preprint/notes/site-build/script), not a direct source surface.	no claim; queue-hygiene only	drop from direct-source queue	/srv/tyche/pallas/pallas-ai-agent-observatory/program/08-observability-index/OBSERVABILITY_RESEARCH_QUEUE.csv
LIMEN-SIGNAL-CEC9E7C8D1427FAA	needs_named_source_extraction	source_pack_proxy	Source-pack/index/profile row points toward a source but does not expose a named reviewable surface.	source-surface existence only from local metadata/files	extract the named source surface from local materials	/srv/tyche/atlas/tyche-thesis-atlas-factory/results/exploitation-wave-atlas-20260605T192817Z/claim-support-digest.csv
LIMEN-SIGNAL-CECA48ADF0677848	reject_noise	internal_artifact	Internal LIMEN/atlas working artifact (boost/methodology/manuscript/preprint/notes/site-build/script), not a direct source surface.	no claim; queue-hygiene only	drop from direct-source queue	/srv/tyche/pallas/pallas-ai-agent-observatory/program/08-observability-index/OBSERVABILITY_RESEARCH_QUEUE.csv
LIMEN-SIGNAL-CECA7716B7678E01	needs_named_source_extraction	source_pack_proxy	Source-pack/index/profile row points toward a source but does not expose a named reviewable surface.	source-surface existence only from local metadata/files	extract the named source surface from local materials	/srv/tyche/atlas/tyche-thesis-atlas-factory/runtime/hermes/report-site/architecture-decision-journal.md
LIMEN-SIGNAL-CECCA4C702A8520B	needs_named_source_extraction	internal_aggregate	Internal corpus/atlas aggregate cites a source but does not expose a standalone reviewable source surface row.	source-surface existence only from local metadata/files	extract the named source surface from the aggregate	/srv/tyche/gaia/tyche-research-vault/data/global-agent-atlas-v0.1/facts.jsonl.bak-cycle165
LIMEN-SIGNAL-CECE01BE651B1CAF	reject_noise	internal_artifact	Internal LIMEN/atlas working artifact (boost/methodology/manuscript/preprint/notes/site-build/script), not a direct source surface.	no claim; queue-hygiene only	drop from direct-source queue	/srv/tyche/projects/public-ai-procurement-gap/results/boost/public-ai-procurement-gap-boost-004/evidence-delta.json
LIMEN-SIGNAL-CED9E909149CD93F	reject_noise	internal_artifact	Internal LIMEN/atlas working artifact (boost/methodology/manuscript/preprint/notes/site-build/script), not a direct source surface.	no claim; queue-hygiene only	drop from direct-source queue	/srv/tyche/projects/limen-ai-edge-case-atlas/results/boost/limen-boost-020/publisher-notice-host-friction-audit.tsv
LIMEN-SIGNAL-CEDA6810291D377E	needs_named_source_extraction	source_pack_proxy	Source-pack/index/profile row points toward a source but does not expose a named reviewable surface.	source-surface existence only from local metadata/files	extract the named source surface from local materials	/srv/tyche/projects/public-ai-procurement-gap/data/pilot/denominator-funnel-count-derivation-v0.1.csv
LIMEN-SIGNAL-CEE868BC4614EAB6	needs_named_source_extraction	source_pack_proxy	Source-pack/index/profile row points toward a source but does not expose a named reviewable surface.	source-surface existence only from local metadata/files	extract the named source surface from local materials	/srv/tyche/pallas/pallas-ai-agent-observatory/reports/PALLAS_OBSERVABILITY_RESEARCH_QUEUE.csv
LIMEN-SIGNAL-CEEAE471EE84079B	needs_named_source_extraction	internal_aggregate	Internal corpus/atlas aggregate cites a source but does not expose a standalone reviewable source surface row.	source-surface existence only from local metadata/files	extract the named source surface from the aggregate	/srv/tyche/atlas/tyche-thesis-atlas-factory/corpus/v0.1-freeze/runtime/lanes/articles-books-proceedings-failed-latest.jsonl
LIMEN-SIGNAL-CEEFB7F1C72C1A9C	needs_named_source_extraction	source_pack_proxy	Source-pack/index/profile row points toward a source but does not expose a named reviewable surface.	source-surface existence only from local metadata/files	extract the named source surface from local materials	/srv/tyche/atlas/tyche-thesis-atlas-factory/results/exploitation-wave-cross-20260605T193348Z/claim-support-digest.csv
LIMEN-SIGNAL-CEF28989D3C98B17	needs_named_source_extraction	internal_aggregate	Internal corpus/atlas aggregate cites a source but does not expose a standalone reviewable source surface row.	source-surface existence only from local metadata/files	extract the named source surface from the aggregate	/srv/tyche/atlas/tyche-thesis-atlas-factory/corpus/v0.2-working/records/nordic-language-latest.jsonl
LIMEN-SIGNAL-CEF650F5F7ADADE4	reject_noise	internal_artifact	Internal LIMEN/atlas working artifact (boost/methodology/manuscript/preprint/notes/site-build/script), not a direct source surface.	no claim; queue-hygiene only	drop from direct-source queue	/srv/tyche/pallas/pallas-ai-agent-observatory/program/08-observability-index/OBSERVABILITY_250_COUNTRY_MATRIX.csv
LIMEN-SIGNAL-CEFAB29CA4B278B8	needs_named_source_extraction	internal_aggregate	Internal corpus/atlas aggregate cites a source but does not expose a standalone reviewable source surface row.	source-surface existence only from local metadata/files	extract the named source surface from the aggregate	/srv/tyche/gaia/tyche-research-vault/data/eu-agent-atlas-v0.1/facts.jsonl
LIMEN-SIGNAL-CEFD059C3370E83D	reject_noise	internal_artifact	Internal LIMEN/atlas working artifact (boost/methodology/manuscript/preprint/notes/site-build/script), not a direct source surface.	no claim; queue-hygiene only	drop from direct-source queue	/srv/tyche/pallas/pallas-ai-agent-observatory/program/08-observability-index/OBSERVABILITY_RESEARCH_QUEUE.csv
LIMEN-SIGNAL-CF028916BBB78448	reject_noise	internal_artifact	Internal LIMEN/atlas working artifact (boost/methodology/manuscript/preprint/notes/site-build/script), not a direct source surface.	no claim; queue-hygiene only	drop from direct-source queue	/srv/tyche/pallas/pallas-ai-agent-observatory/program/04-estonia-finland-case-study/paper/venue/estonia-finland-ai-and-ethics-preprint.md
LIMEN-SIGNAL-CF04C07E6AE3F22E	reject_noise	internal_artifact	Internal LIMEN/atlas working artifact (boost/methodology/manuscript/preprint/notes/site-build/script), not a direct source surface.	no claim; queue-hygiene only	drop from direct-source queue	/srv/tyche/projects/limen-ai-edge-case-atlas/results/boost/limen-boost-058/research-integrity-threshold-propagation-register.tsv
LIMEN-SIGNAL-CF04CA3B3BC836F4	source_reviewed_candidate	direct_surface	Source-pack listing pairs a named external authority/source with a direct external URL.	source-surface existence only from local metadata	open bounded direct source review packet	/srv/tyche/pallas/pallas-ai-agent-observatory/reports/PALLAS_READINESS_SPRINT_3_SOURCE_PACK.csv
LIMEN-SIGNAL-CF05619955511711	needs_named_source_extraction	source_pack_proxy	Source-pack/index/profile row points toward a source but does not expose a named reviewable surface.	source-surface existence only from local metadata/files	extract the named source surface from local materials	/srv/tyche/pallas/pallas-ai-agent-observatory/reports/PALLAS_SECOND_PASS_SPRINT_8_CANDIDATE_MATRIX_DELTA.csv
LIMEN-SIGNAL-CF06A772FFA7EE9F	reject_noise	internal_artifact	Internal LIMEN/atlas working artifact (boost/methodology/manuscript/preprint/notes/site-build/script), not a direct source surface.	no claim; queue-hygiene only	drop from direct-source queue	/srv/tyche/pallas/pallas-ai-agent-observatory/program/10-pallas-gaia-bridge/data/pallas_gaia_agent_observability_stress_test.csv
LIMEN-SIGNAL-CF07A7BC5FF2ED1A	reject_noise	internal_artifact	Internal LIMEN/atlas working artifact (boost/methodology/manuscript/preprint/notes/site-build/script), not a direct source surface.	no claim; queue-hygiene only	drop from direct-source queue	/srv/tyche/projects/public-ai-registry/results/boost/public-ai-registry-boost-021/city-case-multilingual-route-check-v0.1.csv
LIMEN-SIGNAL-CF089A22E9F55AE4	reject_noise	internal_artifact	Internal LIMEN/atlas working artifact (boost/methodology/manuscript/preprint/notes/site-build/script), not a direct source surface.	no claim; queue-hygiene only	drop from direct-source queue	/srv/tyche/pallas/pallas-ai-agent-observatory/program/08-observability-index/OBSERVABILITY_RESEARCH_QUEUE.csv
LIMEN-SIGNAL-CF118A9AD33A5328	needs_named_source_extraction	internal_aggregate	Internal corpus/atlas aggregate cites a source but does not expose a standalone reviewable source surface row.	source-surface existence only from local metadata/files	extract the named source surface from the aggregate	/srv/tyche/atlas/tyche-thesis-atlas-factory/corpus/v0.2-working/data/seeds/hermes-v02-expansion-seeds.json
LIMEN-SIGNAL-CF14AAF9C0852D8E	needs_named_source_extraction	internal_aggregate	Internal corpus/atlas aggregate cites a source but does not expose a standalone reviewable source surface row.	source-surface existence only from local metadata/files	extract the named source surface from the aggregate	/srv/tyche/atlas/tyche-thesis-atlas-factory/corpus/v0.2-working/records/patent-wipo-query-history.jsonl
LIMEN-SIGNAL-CF1CD1D04FE9FA30	source_reviewed_candidate	direct_surface	Source-pack listing pairs a named external authority/source with a direct external URL.	source-surface existence only from local metadata	open bounded direct source review packet	/srv/tyche/pallas/pallas-ai-agent-observatory/reports/PALLAS_SECOND_PASS_SPRINT_8_SOURCE_REFRESH.csv
LIMEN-SIGNAL-CF204CF2A2454BE1	negative_evidence_candidate	negative_search	Local source/search summary records a negative or absence result.	negative evidence only from bounded local review	keep as bounded gap evidence	/srv/tyche/pallas/pallas-ai-agent-observatory/reports/PALLAS_OBSERVABILITY_LANE_SOURCE_CANDIDATES.csv
LIMEN-SIGNAL-CF25B9578B9E3069	needs_named_source_extraction	source_pack_proxy	Source-pack/index/profile row points toward a source but does not expose a named reviewable surface.	source-surface existence only from local metadata/files	extract the named source surface from local materials	/srv/tyche/pallas/pallas-ai-agent-observatory/reports/PALLAS_READINESS_SPRINT_3_WEAK_SOURCE_WARNINGS.md
LIMEN-SIGNAL-CF2903746CABD60A	reject_noise	internal_artifact	Internal LIMEN/atlas working artifact (boost/methodology/manuscript/preprint/notes/site-build/script), not a direct source surface.	no claim; queue-hygiene only	drop from direct-source queue	/srv/tyche/projects/public-ai-registry/results/boost/public-ai-registry-boost-014/field-support-normalized-v0.1.csv
LIMEN-SIGNAL-CF2B0782EDA6CCA0	needs_named_source_extraction	source_pack_proxy	Source-pack/index/profile row points toward a source but does not expose a named reviewable surface.	source-surface existence only from local metadata/files	extract the named source surface from local materials	/srv/tyche/gaia/tyche-research-vault/notes/zeus-lane-harvest-2026-05-22/nekropolis/paper/draft.md
LIMEN-SIGNAL-CF2B6D3FE7930862	source_reviewed_candidate	direct_surface	Source-pack listing pairs a named external authority/source with a direct external URL.	source-surface existence only from local metadata	open bounded direct source review packet	/srv/tyche/pallas/pallas-ai-agent-observatory/reports/PALLAS_SECOND_PASS_SPRINT_16_SOURCE_REFRESH.csv
LIMEN-SIGNAL-CF36DD0EA7EDB3B8	merge_existing_surface	modeled_registry_listing	Row duplicates an already-modeled local registry/atlas surface and should be deduplicated.	no new surface; dedupe only	merge into existing modeled registry surface	/srv/tyche/projects/public-ai-registry/data/registry-deployed-source-family-denominator-20260607.csv
LIMEN-SIGNAL-CF37A0678B1B64F1	needs_named_source_extraction	source_pack_proxy	Source-pack/index/profile row points toward a source but does not expose a named reviewable surface.	source-surface existence only from local metadata/files	extract the named source surface from local materials	/srv/tyche/gaia/tyche-research-vault/notes/zeus-lane-harvest-2026-05-22/nekropolis/paper/draft.md.bundle/sources/preferred-candidate-release-summary.json
LIMEN-SIGNAL-CF3DEFEC1C207625	needs_named_source_extraction	internal_aggregate	Internal corpus/atlas aggregate cites a source but does not expose a standalone reviewable source surface row.	source-surface existence only from local metadata/files	extract the named source surface from the aggregate	/srv/tyche/atlas/tyche-thesis-atlas-factory/snapshots/v0.2.3-preprint-20260605T050732Z/corpus/v0.2-working/records/spanish-portuguese-language-history.jsonl
LIMEN-SIGNAL-CF44CA9E27DD9463	reject_noise	internal_artifact	Internal LIMEN/atlas working artifact (boost/methodology/manuscript/preprint/notes/site-build/script), not a direct source surface.	no claim; queue-hygiene only	drop from direct-source queue	/srv/tyche/projects/public-ai-registry/results/boost/public-ai-registry-boost-015/normalized-long-export-pilot-v0.1.csv
LIMEN-SIGNAL-CF4A636B40809411	needs_named_source_extraction	source_pack_proxy	Source-pack/index/profile row points toward a source but does not expose a named reviewable surface.	source-surface existence only from local metadata/files	extract the named source surface from local materials	/srv/tyche/gaia/tyche-research-vault/notes/zeus-lane-harvest-2026-05-22/nekropolis/paper/draft.md.bundle/sources/source-family-cause-profile-v01-strict-window-label-repaired-20260522T161104Z.svg
LIMEN-SIGNAL-CF4CC26DB67CB743	reject_noise	internal_artifact	Internal LIMEN/atlas working artifact (boost/methodology/manuscript/preprint/notes/site-build/script), not a direct source surface.	no claim; queue-hygiene only	drop from direct-source queue	/srv/tyche/gaia/tyche-research-vault/scripts/global_agent_atlas_bootstrap.py
LIMEN-SIGNAL-CF4F4E9C54546C46	needs_named_source_extraction	source_pack_proxy	Source-pack/index/profile row points toward a source but does not expose a named reviewable surface.	source-surface existence only from local metadata/files	extract the named source surface from local materials	/srv/tyche/pallas/pallas-ai-agent-observatory/reports/PALLAS_OBSERVABILITY_COUNTRY_PROFILES.md
LIMEN-SIGNAL-CF532B7F97BDF12E	needs_named_source_extraction	internal_aggregate	Internal corpus/atlas aggregate cites a source but does not expose a standalone reviewable source surface row.	source-surface existence only from local metadata/files	extract the named source surface from the aggregate	/srv/tyche/atlas/tyche-thesis-atlas-factory/corpus/v0.2-working/data/lanes/books-theory-latest.jsonl
LIMEN-SIGNAL-CF562AB0C5936D76	needs_named_source_extraction	source_pack_proxy	Source-pack/index/profile row points toward a source but does not expose a named reviewable surface.	source-surface existence only from local metadata/files	extract the named source surface from local materials	/srv/tyche/atlas/tyche-thesis-atlas-factory/analysis/claim-support/claim-support-tests-v0.2.1.json
LIMEN-SIGNAL-CF564444C541B999	merge_existing_surface	modeled_registry_listing	Row duplicates an already-modeled local registry/atlas surface and should be deduplicated.	no new surface; dedupe only	merge into existing modeled registry surface	/srv/tyche/projects/public-ai-registry/results/submission-preprint-packages/public-ai-registry-preprint-package-20260606T050050Z/tables/registry-sample-records-v0.2.preview.csv
LIMEN-SIGNAL-CF5B43B875EC790B	needs_named_source_extraction	source_pack_proxy	Source-pack/index/profile row points toward a source but does not expose a named reviewable surface.	source-surface existence only from local metadata/files	extract the named source surface from local materials	/srv/tyche/projects/public-ai-procurement-gap/data/pilot/authority-buyer-control-audit-v0.3.csv
LIMEN-SIGNAL-CF5D0720EA6D7165	negative_evidence_candidate	negative_search	Local source/search summary records a negative or absence result.	negative evidence only from bounded local review	keep as bounded gap evidence	/srv/tyche/pallas/pallas-ai-agent-observatory/reports/PALLAS_READINESS_WORLD_WEAK_SOURCE_WARNINGS.md
LIMEN-SIGNAL-CF66512DCEF6FED9	needs_named_source_extraction	source_pack_proxy	Source-pack/index/profile row points toward a source but does not expose a named reviewable surface.	source-surface existence only from local metadata/files	extract the named source surface from local materials	/srv/tyche/pallas/pallas-ai-agent-observatory/reports/PALLAS_OBSERVABILITY_RESEARCH_QUEUE.csv
LIMEN-SIGNAL-CF6A3BCE0E9E0C5C	needs_named_source_extraction	source_pack_proxy	Source-pack/index/profile row points toward a source but does not expose a named reviewable surface.	source-surface existence only from local metadata/files	extract the named source surface from local materials	/srv/tyche/atlas/tyche-thesis-atlas-factory/config/hermes-v02-expansion-seeds.json.bak-seedtune-20260604T044720Z
LIMEN-SIGNAL-CF74696D840DFCE1	needs_named_source_extraction	source_pack_proxy	Source-pack/index/profile row points toward a source but does not expose a named reviewable surface.	source-surface existence only from local metadata/files	extract the named source surface from local materials	/srv/tyche/atlas/tyche-thesis-atlas-factory/results/exploitation-wave-atlas-20260605T193210Z/claim-support-digest.csv
LIMEN-SIGNAL-CF7846BFD6FD2768	needs_named_source_extraction	source_pack_proxy	Source-pack/index/profile row points toward a source but does not expose a named reviewable surface.	source-surface existence only from local metadata/files	extract the named source surface from local materials	/srv/tyche/gaia/tyche-research-vault/notes/session-resume-2026-05-27-prep-wave-2-3-4-5.md
LIMEN-SIGNAL-CF7F7F88764A0AB3	negative_evidence_candidate	negative_search	Local source/search summary records a negative or absence result.	negative evidence only from bounded local review	keep as bounded gap evidence	/srv/tyche/pallas/pallas-ai-agent-observatory/reports/PALLAS_SECOND_PASS_SPRINT_5_COUNTRY_SCORE_DELTA.csv
LIMEN-SIGNAL-CF8399C1542B69D8	needs_named_source_extraction	source_pack_proxy	Source-pack/index/profile row points toward a source but does not expose a named reviewable surface.	source-surface existence only from local metadata/files	extract the named source surface from local materials	/srv/tyche/pallas/pallas-ai-agent-observatory/reports/PALLAS_READINESS_SPRINT_3_WEAK_SOURCE_WARNINGS.md
LIMEN-SIGNAL-CF85186CE00C9ECD	merge_existing_surface	modeled_registry_listing	Row duplicates an already-modeled local registry/atlas surface and should be deduplicated.	no new surface; dedupe only	merge into existing modeled registry surface	/srv/tyche/projects/public-ai-registry/results/submission-preprint-packages/public-ai-registry-preprint-package-20260606T204009Z/tables/registry-sample-records-v0.2.preview.csv
LIMEN-SIGNAL-CF861201154137DF	needs_named_source_extraction	internal_aggregate	Internal corpus/atlas aggregate cites a source but does not expose a standalone reviewable source surface row.	source-surface existence only from local metadata/files	extract the named source surface from the aggregate	/srv/tyche/gaia/tyche-research-vault/data/eu-agent-atlas-v0.1/snapshots/ai.hel.fi-1a7f2679ef4e5517.bin
LIMEN-SIGNAL-CF8A289A6A414239	needs_named_source_extraction	source_pack_proxy	Source-pack/index/profile row points toward a source but does not expose a named reviewable surface.	source-surface existence only from local metadata/files	extract the named source surface from local materials	/srv/tyche/gaia/tyche-research-vault/notes/zeus-lane-harvest-2026-05-22/nekropolis/paper/draft.md.bundle/sources/paper-draft-after-actor-normalized-candidate-update.md
LIMEN-SIGNAL-CF8ACB707A4D9648	needs_named_source_extraction	internal_aggregate	Internal corpus/atlas aggregate cites a source but does not expose a standalone reviewable source surface row.	source-surface existence only from local metadata/files	extract the named source surface from the aggregate	/srv/tyche/atlas/tyche-thesis-atlas-factory/corpus/v0.2-working/records/books-theory-latest.jsonl
LIMEN-SIGNAL-CF8CFBB687135C6D	needs_named_source_extraction	internal_aggregate	Internal corpus/atlas aggregate cites a source but does not expose a standalone reviewable source surface row.	source-surface existence only from local metadata/files	extract the named source surface from the aggregate	/srv/tyche/atlas/tyche-thesis-atlas-factory/corpus/v0.2-working/data/lanes/african-multilingual-language-records.jsonl
LIMEN-SIGNAL-CF939E39913BF755	reject_noise	internal_artifact	Internal LIMEN/atlas working artifact (boost/methodology/manuscript/preprint/notes/site-build/script), not a direct source surface.	no claim; queue-hygiene only	drop from direct-source queue	/srv/tyche/gaia/tyche-research-vault/results/boost/gaia-multilingual-coverage/translation-review-queue.json
LIMEN-SIGNAL-CF95C5AE792B371D	needs_named_source_extraction	internal_aggregate	Internal corpus/atlas aggregate cites a source but does not expose a standalone reviewable source surface row.	source-surface existence only from local metadata/files	extract the named source surface from the aggregate	/srv/tyche/atlas/tyche-thesis-atlas-factory/corpus/v0.2-working/data/lanes/sandboxes-cases-latest.jsonl
LIMEN-SIGNAL-CF96AEE44C7F9F6E	needs_named_source_extraction	source_pack_proxy	Source-pack/index/profile row points toward a source but does not expose a named reviewable surface.	source-surface existence only from local metadata/files	extract the named source surface from local materials	/srv/tyche/projects/limen-ai-edge-case-atlas/data/cases/security-agentic-candidates.jsonl
LIMEN-SIGNAL-CFA2B377BD2BAA4C	needs_named_source_extraction	source_pack_proxy	Source-pack/index/profile row points toward a source but does not expose a named reviewable surface.	source-surface existence only from local metadata/files	extract the named source surface from local materials	/srv/tyche/pallas/pallas-ai-agent-observatory/reports/PALLAS_SECOND_PASS_SPRINT_12_CANDIDATE_MATRIX_DELTA.csv
LIMEN-SIGNAL-CFA6AD2F4BF92499	needs_named_source_extraction	source_pack_proxy	Source-pack/index/profile row points toward a source but does not expose a named reviewable surface.	source-surface existence only from local metadata/files	extract the named source surface from local materials	/srv/tyche/atlas/tyche-thesis-atlas-factory/config/hermes-v02-expansion-seeds.json
LIMEN-SIGNAL-CFAB1BE12415CA73	reject_noise	internal_artifact	Internal LIMEN/atlas working artifact (boost/methodology/manuscript/preprint/notes/site-build/script), not a direct source surface.	no claim; queue-hygiene only	drop from direct-source queue	/srv/tyche/pallas/pallas-ai-agent-observatory/program/04-estonia-finland-case-study/paper/venue/estonia-finland-ai-and-ethics-preprint.md
LIMEN-SIGNAL-CFB4514F6F6BE937	reject_noise	internal_artifact	Internal LIMEN/atlas working artifact (boost/methodology/manuscript/preprint/notes/site-build/script), not a direct source surface.	no claim; queue-hygiene only	drop from direct-source queue	/srv/tyche/pallas/pallas-ai-agent-observatory/scripts/scaffold-pallas-hardening-sprint.py
LIMEN-SIGNAL-CFB534B675B3AC46	needs_named_source_extraction	source_pack_proxy	Source-pack/index/profile row points toward a source but does not expose a named reviewable surface.	source-surface existence only from local metadata/files	extract the named source surface from local materials	/srv/tyche/gaia/tyche-research-vault/notes/zeus-lane-harvest-2026-05-22/nekropolis/paper/draft.md.bundle/sources/paper-draft-before-successor-candidate-update-20260519T170658Z.md
LIMEN-SIGNAL-CFB6FFBD790D4728	reject_noise	internal_artifact	Internal LIMEN/atlas working artifact (boost/methodology/manuscript/preprint/notes/site-build/script), not a direct source surface.	no claim; queue-hygiene only	drop from direct-source queue	/srv/tyche/projects/public-ai-procurement-gap/results/boost/public-ai-procurement-gap-source-map/source-map-corpus-pilot-handoff-v0.1.json
LIMEN-SIGNAL-CFB8102193F6423E	reject_noise	internal_artifact	Internal LIMEN/atlas working artifact (boost/methodology/manuscript/preprint/notes/site-build/script), not a direct source surface.	no claim; queue-hygiene only	drop from direct-source queue	/srv/tyche/pallas/pallas-ai-agent-observatory/results/boost/pallas-boost-009/country-gap-routing-delta-v0.3.json
LIMEN-SIGNAL-CFC50E8CF8BCD8DF	needs_named_source_extraction	internal_aggregate	Internal corpus/atlas aggregate cites a source but does not expose a standalone reviewable source surface row.	source-surface existence only from local metadata/files	extract the named source surface from the aggregate	/srv/tyche/atlas/tyche-thesis-atlas-factory/snapshots/v0.2-freeze-20260601T060436Z/corpus/v0.2-working/records/books-theory-latest.jsonl
LIMEN-SIGNAL-CFC8C9D8866910B3	needs_named_source_extraction	internal_aggregate	Internal corpus/atlas aggregate cites a source but does not expose a standalone reviewable source surface row.	source-surface existence only from local metadata/files	extract the named source surface from the aggregate	/srv/tyche/atlas/tyche-thesis-atlas-factory/snapshots/v0.2-freeze-20260601T060436Z/corpus/v0.2-working/records/patent-power-latest.jsonl
LIMEN-SIGNAL-CFC9734C77ADCEB0	needs_named_source_extraction	internal_aggregate	Internal corpus/atlas aggregate cites a source but does not expose a standalone reviewable source surface row.	source-surface existence only from local metadata/files	extract the named source surface from the aggregate	/srv/tyche/atlas/tyche-thesis-atlas-factory/corpus/v0.2-working/records/books-theory-latest.jsonl
LIMEN-SIGNAL-CFCE98C6CF866FBE	needs_named_source_extraction	internal_aggregate	Internal corpus/atlas aggregate cites a source but does not expose a standalone reviewable source surface row.	source-surface existence only from local metadata/files	extract the named source surface from the aggregate	/srv/tyche/atlas/tyche-thesis-atlas-factory/corpus/v0.2-working/data/lanes/books-theory-latest.jsonl
LIMEN-SIGNAL-CFD019F81F3F3B4E	needs_named_source_extraction	internal_aggregate	Internal corpus/atlas aggregate cites a source but does not expose a standalone reviewable source surface row.	source-surface existence only from local metadata/files	extract the named source surface from the aggregate	/srv/tyche/atlas/tyche-thesis-atlas-factory/corpus/v0.2-working/records/african-multilingual-language-history.jsonl
LIMEN-SIGNAL-CFD4BA9DC162C6CF	source_reviewed_candidate	direct_surface	Source-pack listing pairs a named external authority/source with a direct external URL.	source-surface existence only from local metadata	open bounded direct source review packet	/srv/tyche/pallas/pallas-ai-agent-observatory/reports/PALLAS_SECOND_PASS_SPRINT_9_SOURCE_REFRESH.csv
LIMEN-SIGNAL-CFD65D40963D82E1	needs_named_source_extraction	source_pack_proxy	Source-pack/index/profile row points toward a source but does not expose a named reviewable surface.	source-surface existence only from local metadata/files	extract the named source surface from local materials	/srv/tyche/pallas/pallas-ai-agent-observatory/reports/PALLAS_READINESS_SPRINT_2_COUNTRY_MATRIX.csv
LIMEN-SIGNAL-CFD8F9144A73ED7E	source_reviewed_candidate	direct_surface	Source-pack listing pairs a named external authority/source with a direct external URL.	source-surface existence only from local metadata	open bounded direct source review packet	/srv/tyche/pallas/pallas-ai-agent-observatory/reports/PALLAS_READINESS_WORLD_SOURCE_PACK.csv
LIMEN-SIGNAL-CFD940DBA87672FC	needs_named_source_extraction	source_pack_proxy	Source-pack/index/profile row points toward a source but does not expose a named reviewable surface.	source-surface existence only from local metadata/files	extract the named source surface from local materials	/srv/tyche/pallas/pallas-ai-agent-observatory/reports/PALLAS_READINESS_WORLD_WEAK_SOURCE_WARNINGS.md
LIMEN-SIGNAL-CFD97E881A330153	reject_noise	internal_artifact	Internal LIMEN/atlas working artifact (boost/methodology/manuscript/preprint/notes/site-build/script), not a direct source surface.	no claim; queue-hygiene only	drop from direct-source queue	/srv/tyche/gaia/tyche-research-vault/data/global-agent-atlas-v0.1/backups-cycle-126-20260603T0822/source_documents.jsonl
LIMEN-SIGNAL-CFDFE57B6CC4BF60	needs_named_source_extraction	internal_aggregate	Internal corpus/atlas aggregate cites a source but does not expose a standalone reviewable source surface row.	source-surface existence only from local metadata/files	extract the named source surface from the aggregate	/srv/tyche/atlas/tyche-thesis-atlas-factory/corpus/v0.2-working/data/lanes/african-multilingual-language-records.jsonl
LIMEN-SIGNAL-CFE0E9EC189321E1	reject_noise	internal_artifact	Internal LIMEN/atlas working artifact (boost/methodology/manuscript/preprint/notes/site-build/script), not a direct source surface.	no claim; queue-hygiene only	drop from direct-source queue	/srv/tyche/atlas/tyche-thesis-atlas-factory/bin/atlas_v023_preprint_finalize.py
LIMEN-SIGNAL-CFE30428211407C3	reject_noise	internal_artifact	Internal LIMEN/atlas working artifact (boost/methodology/manuscript/preprint/notes/site-build/script), not a direct source surface.	no claim; queue-hygiene only	drop from direct-source queue	/srv/tyche/atlas/tyche-thesis-atlas-factory/bin/hermes_analysis_evidence_package.py
LIMEN-SIGNAL-CFE6A50802B037D4	needs_named_source_extraction	internal_aggregate	Internal corpus/atlas aggregate cites a source but does not expose a standalone reviewable source surface row.	source-surface existence only from local metadata/files	extract the named source surface from the aggregate	/srv/tyche/atlas/tyche-thesis-atlas-factory/corpus/v0.2-working/reports/lanes/books-theory-latest.md
LIMEN-SIGNAL-CFE7AD2B664239DF	source_reviewed_candidate	direct_surface	Source-pack listing pairs a named external authority/source with a direct external URL.	source-surface existence only from local metadata	open bounded direct source review packet	/srv/tyche/pallas/pallas-ai-agent-observatory/reports/PALLAS_SECOND_PASS_SPRINT_4_SOURCE_REFRESH.csv
LIMEN-SIGNAL-CFE93E89FA1B8FB2	needs_named_source_extraction	internal_aggregate	Internal corpus/atlas aggregate cites a source but does not expose a standalone reviewable source surface row.	source-surface existence only from local metadata/files	extract the named source surface from the aggregate	/srv/tyche/gaia/tyche-research-vault/submissions/agent-atlas-public-release-2026-06-01/03-zenodo-agent-atlas-artifact-v0.1/artifact/data/eu-agent-atlas-v0.1/snapshots/ai.hel.fi-4eab32bd3c3812da.bin
LIMEN-SIGNAL-CFF8306204818719	needs_named_source_extraction	source_pack_proxy	Source-pack/index/profile row points toward a source but does not expose a named reviewable surface.	source-surface existence only from local metadata/files	extract the named source surface from local materials	/srv/tyche/atlas/tyche-thesis-atlas-factory/config/hermes-v02-expansion-seeds.json.bak-international-20260603T133212Z
LIMEN-SIGNAL-CFF9C9B91BE549FE	reject_noise	internal_artifact	Internal LIMEN/atlas working artifact (boost/methodology/manuscript/preprint/notes/site-build/script), not a direct source surface.	no claim; queue-hygiene only	drop from direct-source queue	/srv/tyche/projects/limen-ai-edge-case-atlas/next.md
LIMEN-SIGNAL-D006E32CD58AE289	needs_named_source_extraction	source_pack_proxy	Source-pack/index/profile row points toward a source but does not expose a named reviewable surface.	source-surface existence only from local metadata/files	extract the named source surface from local materials	/srv/tyche/atlas/tyche-thesis-atlas-factory/results/exploitation-wave-20260605T192332Z/claim-support-digest.json
LIMEN-SIGNAL-D008F0B5CF056B41	needs_named_source_extraction	source_pack_proxy	Source-pack/index/profile row points toward a source but does not expose a named reviewable surface.	source-surface existence only from local metadata/files	extract the named source surface from local materials	/srv/tyche/pallas/pallas-ai-agent-observatory/reports/PALLAS_SECOND_PASS_COUNTRY_HARDENING_SUMMARY.csv
LIMEN-SIGNAL-D020D11A198F75E8	needs_named_source_extraction	source_pack_proxy	Source-pack/index/profile row points toward a source but does not expose a named reviewable surface.	source-surface existence only from local metadata/files	extract the named source surface from local materials	/srv/tyche/pallas/pallas-ai-agent-observatory/results/hypothesis-lab/pallas-h2-lifecycle-infra-contrast-v0.1.csv
LIMEN-SIGNAL-D02D69908B4692DA	needs_named_source_extraction	source_pack_proxy	Source-pack/index/profile row points toward a source but does not expose a named reviewable surface.	source-surface existence only from local metadata/files	extract the named source surface from local materials	/srv/tyche/pallas/pallas-ai-agent-observatory/reports/PALLAS_SECOND_PASS_CANDIDATE_MATRIX_DELTA.csv
LIMEN-SIGNAL-D02E9C9F808CB6C6	reject_noise	internal_artifact	Internal LIMEN/atlas working artifact (boost/methodology/manuscript/preprint/notes/site-build/script), not a direct source surface.	no claim; queue-hygiene only	drop from direct-source queue	/srv/tyche/pallas/pallas-ai-agent-observatory/program/04-estonia-finland-case-study/paper/venue/estonia-finland-ai-and-ethics-preprint.md
LIMEN-SIGNAL-D02F3B8D8C80C7C8	needs_named_source_extraction	source_pack_proxy	Source-pack/index/profile row points toward a source but does not expose a named reviewable surface.	source-surface existence only from local metadata/files	extract the named source surface from local materials	/srv/tyche/atlas/tyche-thesis-atlas-factory/analysis/country-readiness/pallas-country-ai-readiness-v0.2.md
LIMEN-SIGNAL-D03982E9BF2B7603	needs_named_source_extraction	internal_aggregate	Internal corpus/atlas aggregate cites a source but does not expose a standalone reviewable source surface row.	source-surface existence only from local metadata/files	extract the named source surface from the aggregate	/srv/tyche/atlas/tyche-thesis-atlas-factory/corpus/v0.2-working/records/books-theory-latest.jsonl
LIMEN-SIGNAL-D03C70F337DA1E5B	needs_named_source_extraction	source_pack_proxy	Source-pack/index/profile row points toward a source but does not expose a named reviewable surface.	source-surface existence only from local metadata/files	extract the named source surface from local materials	/srv/tyche/pallas/pallas-ai-agent-observatory/reports/PALLAS_READINESS_SPRINT_1_WEAK_SOURCE_WARNINGS.md
LIMEN-SIGNAL-D04B3877A3ACC351	needs_named_source_extraction	internal_aggregate	Internal corpus/atlas aggregate cites a source but does not expose a standalone reviewable source surface row.	source-surface existence only from local metadata/files	extract the named source surface from the aggregate	/srv/tyche/atlas/tyche-thesis-atlas-factory/corpus/v0.2-working/records/russian-language-history.jsonl
LIMEN-SIGNAL-D04E0FA157A10223	needs_named_source_extraction	source_pack_proxy	Source-pack/index/profile row points toward a source but does not expose a named reviewable surface.	source-surface existence only from local metadata/files	extract the named source surface from local materials	/srv/tyche/pallas/pallas-ai-agent-observatory/reports/PALLAS_SECOND_PASS_CONFIDENCE_CHANGES.csv
LIMEN-SIGNAL-D04F9C725DAC7808	needs_named_source_extraction	internal_aggregate	Internal corpus/atlas aggregate cites a source but does not expose a standalone reviewable source surface row.	source-surface existence only from local metadata/files	extract the named source surface from the aggregate	/srv/tyche/gaia/tyche-research-vault/submissions/eu-agent-atlas-release-2026-06-01/02-zenodo-artifact/artifact/data/eu-agent-atlas-v0.1/exports/eu-agent-atlas-v0.1.csv
