signal_id	review_state	first_pass_verdict	candidate_role	review_reason	claim_ceiling	next_action	reviewed_at_utc	review_priority	shards	queries	source_path	source_line	snippet_hash	snippet	queue_reason
LIMEN-SIGNAL-D2A6E2418BEF9F65	first_pass_reviewed	hold_needs_direct_source	source_pack_proxy_candidate	candidate is a source-pack/proxy row that appears to name an underlying public source	must resolve the underlying source before any reviewed example or paper claim	resolve underlying direct public source before review	2026-06-14T08:35:44Z	P3_candidate_review	identity-provenance	watermark	/srv/tyche/gaia/tyche-research-vault/data/eu-agent-atlas-v0.1/snapshots/ibm.com-8c6204e4d693c809.bin	1374	sha256:cca0e6bc7cfa9654de4ddb687d2777d058eec8e62cd46b6b638786eea61263ea	"<div data-cmp-aspectratio=""4x3"" data-cmp-hook-image=""imageV3IBM"" slot=""image"" data-cmp-is=""image"" data-cmp-widths=""320,384,512,640,768,960,1024,1152,1280,1536,1584"" data-cmp-dmimage data-cmp-src=""https://assets.ibm.com/is/image/ibm/adobestock_604661573?ts=1775"	needs direct source, source-pack resolution, or translation-aware review before example promotion
LIMEN-SIGNAL-D363C8E5B6062F13	first_pass_reviewed	hold_needs_direct_source	source_pack_proxy_candidate	candidate is a source-pack/proxy row that appears to name an underlying public source	must resolve the underlying source before any reviewed example or paper claim	resolve underlying direct public source before review	2026-06-14T08:35:44Z	P3_candidate_review	identity-provenance	watermark	/srv/tyche/gaia/tyche-research-vault/data/global-agent-atlas-v0.1/snapshots/source-witness-repair-20260607/doc-ibm-wxo-product-20260601__1__www.ibm.com__direct_public_fetch__648ef4be0e64f95d.html	3529	sha256:492108836ec1ddb438bc849500b81b85d5ad5c4dbb4cd04e12abcc82846835ac	"<div data-cmp-aspectratio=""16x9"" data-cmp-hook-image=""imageV3IBM"" data-cmp-is=""image"" data-cmp-widths=""320,384,512,640,768,960,1024,1152,1280,1536,1584"" data-cmp-dmimage data-cmp-src=""https://assets.ibm.com/is/image/ibm/ufc-gloves-1?ts=1780351033363&amp;dpr=of"	needs direct source, source-pack resolution, or translation-aware review before example promotion
LIMEN-SIGNAL-D3689570FEADA0A8	first_pass_reviewed	hold_needs_direct_source	source_pack_proxy_candidate	candidate is a source-pack/proxy row that appears to name an underlying public source	must resolve the underlying source before any reviewed example or paper claim	resolve underlying direct public source before review	2026-06-14T08:35:44Z	P3_candidate_review	identity-provenance	C2PA	/srv/tyche/atlas/tyche-thesis-atlas-factory/results/boost/atlas-boost-048/queue.json	66	sha256:163f2ad4c941bd09d7923f693c89da5c25b0e80693f5ddd27940bb5be8128256	"source_url: ""https://spec.c2pa.org/specifications/specifications/2.2/specs/C2PA_Specification.html"","	needs direct source, source-pack resolution, or translation-aware review before example promotion
LIMEN-SIGNAL-D39387B35850AB99	first_pass_reviewed	hold_needs_direct_source	source_pack_proxy_candidate	candidate is a source-pack/proxy row that appears to name an underlying public source	must resolve the underlying source before any reviewed example or paper claim	resolve underlying direct public source before review	2026-06-14T08:35:44Z	P3_candidate_review	identity-provenance	watermark	/srv/tyche/gaia/tyche-research-vault/submissions/agent-atlas-public-release-2026-06-01/03-zenodo-agent-atlas-artifact-v0.1/artifact/data/eu-agent-atlas-v0.1/snapshots/ibm.com-1ffdb18e24f1f73e.bin	3060	sha256:e3865977a3d9a75e6047df43343f35c04962aa469f0fcc3744f1f1c6cd87ffa5	"<div data-cmp-aspectratio=""original"" data-cmp-hook-image=""imageV3IBM"" data-cmp-is=""image"" data-cmp-widths=""320,384,512,640,768,960,1024,1152,1280,1536,1584"" data-cmp-dmimage data-cmp-src=""https://assets.ibm.com/is/image/ibm/16-9-logo-ufc?ts=1779401371691&amp;d"	needs direct source, source-pack resolution, or translation-aware review before example promotion
LIMEN-SIGNAL-D3AE44C7C9E683BA	first_pass_reviewed	hold_needs_direct_source	source_pack_proxy_candidate	candidate is a source-pack/proxy row that appears to name an underlying public source	must resolve the underlying source before any reviewed example or paper claim	resolve underlying direct public source before review	2026-06-14T08:35:44Z	P3_candidate_review	identity-provenance	watermark	/srv/tyche/gaia/tyche-research-vault/submissions/agent-atlas-public-release-2026-06-01/03-zenodo-agent-atlas-artifact-v0.1/artifact/data/eu-agent-atlas-v0.1/snapshots/ibm.com-f1585c371accd8ae.bin	3628	sha256:dc3e89d518cd2766dc0ba961bbb18a1ca515e9ff6d346680b397fae3654fd95c	"<div data-cmp-aspectratio=""2x1"" data-cmp-hook-image=""imageV3IBM"" slot=""media"" data-cmp-is=""image"" data-cmp-widths=""320,384,512,640,768,960,1024,1152,1280,1536,1584"" data-cmp-dmimage data-cmp-src=""https://assets.ibm.com/is/image/ibm/workday_1034x780?ts=17750686"	needs direct source, source-pack resolution, or translation-aware review before example promotion
LIMEN-SIGNAL-D41E2EED5E58156C	first_pass_reviewed	promote_to_source_review	direct_surface_candidate	candidate points directly to a public or official-looking source surface	direct source review may inspect source posture only; no prevalence, legality, safety, or compliance claim	open direct source review packet	2026-06-14T08:35:44Z	P3_candidate_review	identity-provenance	watermark	/srv/tyche/atlas/tyche-thesis-atlas-factory/analysis/verification/p0-source-packs/raw/extract-aesia-guide-fields/9f7d87fbe987a7c3.txt	1	sha256:b9b121c3d8629d76c6da87cb194562eb47275bae98c5e8b8289c849a0fda6e25	Regulation - EU - 2024/1689 - EN - EUR-Lex × Skip to main content Log in My EUR-Lex My EUR-Lex Sign in Register My recent searches (0) English English Select your language Official EU languages: bg български es Español cs Čeština da Dansk de Deutsch et Eesti k	needs direct source, source-pack resolution, or translation-aware review before example promotion
LIMEN-SIGNAL-D546C2AA3FC57BFB	first_pass_reviewed	hold_needs_direct_source	source_pack_proxy_candidate	candidate is a source-pack/proxy row that appears to name an underlying public source	must resolve the underlying source before any reviewed example or paper claim	resolve underlying direct public source before review	2026-06-14T08:35:44Z	P3_candidate_review	identity-provenance	watermark	/srv/tyche/gaia/tyche-research-vault/data/eu-agent-atlas-v0.1/snapshots/ibm.com-0c76bbd1500036b8.bin	1536	sha256:e916d6b46c5803ed99d4befe3194bdd8fcc8c3a933a24a820652eb689285538b	"<div data-cmp-aspectratio=""16x9"" data-cmp-hook-image=""imageV3IBM"" data-cmp-is=""image"" data-cmp-widths=""320,384,512,640,768,960,1024,1152,1280,1536,1584"" data-cmp-dmimage data-cmp-src=""https://assets.ibm.com/is/image/ibm/wxo-feature-graphic-orchestrated-2x?ts=1"	needs direct source, source-pack resolution, or translation-aware review before example promotion
LIMEN-SIGNAL-D576C5E88421C836	first_pass_reviewed	hold_needs_direct_source	source_pack_proxy_candidate	candidate is a source-pack/proxy row that appears to name an underlying public source	must resolve the underlying source before any reviewed example or paper claim	resolve underlying direct public source before review	2026-06-14T08:35:44Z	P3_candidate_review	identity-provenance	deepfake	/srv/tyche/projects/limen-ai-edge-case-atlas/results/multilingual/multilingual-metadata-recovery-register-v0.1.tsv	2	sha256:235a0444612b2a40cc5e25d030c5359c815a5cb07f679baa035cc60e8e6681f8	2026-06-08T09:51:49Z limen-multilingual-weird-case-scout LMWCS-20260606-002 Finland fi Kaleva direct_article_shell_with_bounded_visible_excerpt https://www.kaleva.fi/rikosepaily-mies-vaarensi-tekoalylla-alastonkuvia/13514039 public_article_shell_reachable_payw	needs direct source, source-pack resolution, or translation-aware review before example promotion
LIMEN-SIGNAL-D5B4B4BDC038D737	first_pass_reviewed	hold_needs_direct_source	source_pack_proxy_candidate	candidate is a source-pack/proxy row that appears to name an underlying public source	must resolve the underlying source before any reviewed example or paper claim	resolve underlying direct public source before review	2026-06-14T08:35:44Z	P3_candidate_review	identity-provenance	watermark	/srv/tyche/gaia/tyche-research-vault/submissions/eu-agent-atlas-release-2026-06-01/02-zenodo-artifact/artifact/data/eu-agent-atlas-v0.1/snapshots/ibm.com-0c76bbd1500036b8.bin	3243	sha256:1ec1168d8648d57545194e2374dc84ec9477b44f8ba58e5835adadb31c6be0b3	"<div data-cmp-aspectratio=""original"" data-cmp-hook-image=""imageV3IBM"" data-cmp-is=""image"" data-cmp-widths=""320,384,512,640,768,960,1024,1152,1280,1536,1584"" data-cmp-dmimage data-cmp-src=""https://assets.ibm.com/is/image/ibm/serre-chevalier-valle-logo-2x1?ts=17"	needs direct source, source-pack resolution, or translation-aware review before example promotion
LIMEN-SIGNAL-D5F4754038BCC029	first_pass_reviewed	hold_needs_direct_source	source_pack_proxy_candidate	candidate is a source-pack/proxy row that appears to name an underlying public source	must resolve the underlying source before any reviewed example or paper claim	resolve underlying direct public source before review	2026-06-14T08:35:44Z	P3_candidate_review	identity-provenance	deepfake	/srv/tyche/projects/limen-ai-edge-case-atlas/results/boost/limen-boost-012/current-visual-package-reuse-register.tsv	15	sha256:1823a419d9bdc3e5b9ade1570f1fddc06716740185b8086c1b4f9e7de98c6d6b	2026-06-07T14:41:50Z limen-boost-012 LIMEN-VIS-014 table Table 1F provenance-confusion publication-cell ladder shared_or_direct_source 6 shard-007 cells: left_anchor=2; methods_context=1; main_results=1; limitations_only=2 results/boost/limen-boost-019/provena	needs direct source, source-pack resolution, or translation-aware review before example promotion
LIMEN-SIGNAL-D63D1E04B7A9D765	first_pass_reviewed	hold_needs_direct_source	source_pack_proxy_candidate	candidate is a source-pack/proxy row that appears to name an underlying public source	must resolve the underlying source before any reviewed example or paper claim	resolve underlying direct public source before review	2026-06-14T08:35:44Z	P3_candidate_review	identity-provenance	watermark	/srv/tyche/gaia/tyche-research-vault/data/global-agent-atlas-v0.1/snapshots/source-witness-repair-20260607/doc-ibm-wxo-product-20260601__1__www.ibm.com__direct_public_fetch__648ef4be0e64f95d.html	1204	sha256:154db6be7595d29f40c571b817d1883b05cd73e5b52818425de7b5d0256ec588	"<div data-cmp-aspectratio=""1x1"" data-cmp-hook-image=""imageV3IBM"" data-cmp-is=""image"" data-cmp-widths=""320,384,512,640,768,960,1024,1152,1280,1536,1584"" data-cmp-dmimage data-cmp-src=""https://assets.ibm.com/is/image/ibm/sc-webinar-3v2?ts=1775574379404&amp;dpr=o"	needs direct source, source-pack resolution, or translation-aware review before example promotion
LIMEN-SIGNAL-D64675DB1D76E7A8	first_pass_reviewed	hold_needs_direct_source	source_pack_proxy_candidate	candidate is a source-pack/proxy row that appears to name an underlying public source	must resolve the underlying source before any reviewed example or paper claim	resolve underlying direct public source before review	2026-06-14T08:35:44Z	P3_candidate_review	identity-provenance	watermark	/srv/tyche/gaia/tyche-research-vault/data/eu-agent-atlas-v0.1/snapshots/ibm.com-8c6204e4d693c809.bin	1024	sha256:0416441c230bd26932858393e8d391359c0689e60aa94cc8eb50c593eaf42a93	"<div data-cmp-aspectratio=""4x3"" data-cmp-hook-image=""imageV3IBM"" slot=""image"" data-cmp-is=""image"" data-cmp-widths=""320,384,512,640,768,960,1024,1152,1280,1536,1584"" data-cmp-dmimage data-cmp-src=""https://assets.ibm.com/is/image/ibm/adobestock_1273327020?ts=177"	needs direct source, source-pack resolution, or translation-aware review before example promotion
LIMEN-SIGNAL-D6D2CEDA5080EACF	first_pass_reviewed	promote_to_source_review	direct_surface_candidate	candidate points directly to a public or official-looking source surface	direct source review may inspect source posture only; no prevalence, legality, safety, or compliance claim	open direct source review packet	2026-06-14T08:35:44Z	P3_candidate_review	identity-provenance	content provenance	/srv/tyche/gaia/tyche-research-vault/notes/references-audit-2026-05-25/codex/01-mapping-jipitec/bib_check_report.md	98	sha256:bbd0323867296772a6ce9da068716e304f7a6068ba6d9a67a0e5ebbcd32a19fb	Coalition for Content Provenance and Authenticity. C2PA Technical Specification, version 2.1; 2025. https://c2pa.org/specifications/	needs direct source, source-pack resolution, or translation-aware review before example promotion
LIMEN-SIGNAL-D8042A5CF7B5D9F9	first_pass_reviewed	promote_to_source_review	direct_surface_candidate	candidate points directly to a public or official-looking source surface	direct source review may inspect source posture only; no prevalence, legality, safety, or compliance claim	open direct source review packet	2026-06-14T08:35:44Z	P3_candidate_review	identity-provenance	C2PA	/srv/tyche/gaia/tyche-research-vault/notes/mapping-paper-csi-v0.3-link-check.md	35	sha256:5c8fa280c204bc2a96a209a6e545d8471b1e90a4bf11dee7483aa0281d5b0648	- https://c2pa.org/specifications/ (200 on retry)	needs direct source, source-pack resolution, or translation-aware review before example promotion
LIMEN-SIGNAL-D86909AE37C4D1E6	first_pass_reviewed	hold_needs_direct_source	source_pack_proxy_candidate	candidate is a source-pack/proxy row that appears to name an underlying public source	must resolve the underlying source before any reviewed example or paper claim	resolve underlying direct public source before review	2026-06-14T08:35:44Z	P3_candidate_review	identity-provenance	C2PA	/srv/tyche/gaia/tyche-research-vault/papers/eatf-agent-card-attestation-lab/wave3-worldcards/artifacts/references/reference-url-checks.csv	7	sha256:a955a72047aef963b36414147a179b3d750dbfa24103657119d699535a129d76	c2pa-2-3,content_provenance,specification,206,ok,https://spec.c2pa.org/specifications/specifications/2.3/specs/C2PA_Specification.html,https://spec.c2pa.org/specifications/specifications/2.3/specs/C2PA_Specification.html,text/html; charset=utf-8,True,2026-05-2	needs direct source, source-pack resolution, or translation-aware review before example promotion
LIMEN-SIGNAL-D8D58BFD2BDD2A57	first_pass_reviewed	promote_to_source_review	direct_surface_candidate	candidate points directly to a public or official-looking source surface	direct source review may inspect source posture only; no prevalence, legality, safety, or compliance claim	open direct source review packet	2026-06-14T08:35:44Z	P3_candidate_review	health-finance-education	AI hiring	/srv/tyche/atlas/tyche-thesis-atlas-factory/runtime/hermes/gaia-source-current-index.html	411	sha256:cbdf26d9b517d2af0fb797b370643440f9713c964d356bfbfdc63fb39c584e8a	"<script id=""payload"" type=""application/json"">{""meta"": {""title"": ""GAIA Agent Atlas"", ""built_at"": ""2026-06-01T19:31:00+00:00"", ""site_url"": ""https://gaia.eatf.eu/"", ""zenodo_record"": ""https://zenodo.org/records/20489506"", ""zenodo_doi"": ""https://doi.org/10.5281/zen"	needs direct source, source-pack resolution, or translation-aware review before example promotion
LIMEN-SIGNAL-D97826ECCA1E27EC	first_pass_reviewed	promote_to_source_review	direct_surface_candidate	candidate points directly to a public or official-looking source surface	direct source review may inspect source posture only; no prevalence, legality, safety, or compliance claim	open direct source review packet	2026-06-14T08:35:44Z	P3_candidate_review	identity-provenance	watermark	/srv/tyche/atlas/tyche-thesis-atlas-factory/preprint-packages/tyche-thesis-atlas-v0.2.3-preprint/analysis/evidence-package/ai-evidence-package-profile-v0.2.md	179	sha256:7f3077008b1b7680fc51cb9b3ff39f0874387e413031172dda1dde183cf04995	- END-TO-END INTEROPERABLE PROVENANCE AUTHENTICATION OF MEDIA USING WATERMARKS AND C2PA METADATA - https://patentscope.wipo.int/search/en/detail.jsf?docId=WO2026112538	needs direct source, source-pack resolution, or translation-aware review before example promotion
LIMEN-SIGNAL-DA28D3EF52F618D1	first_pass_reviewed	hold_needs_direct_source	source_pack_proxy_candidate	candidate is a source-pack/proxy row that appears to name an underlying public source	must resolve the underlying source before any reviewed example or paper claim	resolve underlying direct public source before review	2026-06-14T08:35:44Z	P3_candidate_review	identity-provenance	watermark	/srv/tyche/gaia/tyche-research-vault/submissions/agent-atlas-public-release-2026-06-01/03-zenodo-agent-atlas-artifact-v0.1/artifact/data/eu-agent-atlas-v0.1/snapshots/ibm.com-1b7016da60f2a1c8.bin	2977	sha256:66ea616d3b14fc061367de9108cdd71baf323c027df3a5be1fb89054a3a0db27	"<div data-cmp-aspectratio=""16x9"" data-cmp-hook-image=""imageV3IBM"" slot=""image"" data-cmp-is=""image"" data-cmp-widths=""320,384,512,640,768,960,1024,1152,1280,1536,1584"" data-cmp-dmimage data-cmp-src=""https://assets.ibm.com/is/image/ibm/multi-agent-orchestration-w"	needs direct source, source-pack resolution, or translation-aware review before example promotion
LIMEN-SIGNAL-DA7B6DF2CACA5F6B	first_pass_reviewed	promote_to_source_review	direct_surface_candidate	candidate points directly to a public or official-looking source surface	direct source review may inspect source posture only; no prevalence, legality, safety, or compliance claim	open direct source review packet	2026-06-14T08:35:44Z	P3_candidate_review	identity-provenance	watermark	/srv/tyche/pallas/pallas-ai-agent-observatory/reports/PALLAS_READINESS_WORLD_SOURCE_PACK.csv	753	sha256:1c56c49e18a7a1a3a499b7fcf03e5059b97fcc6e669da90ec0465f0b87448f0f	"pallas-readiness-sprint-1,NO,Norway,I10,Anskaffelse av generativ KI,Digitaliseringsdirektoratet (Digdir),https://www.digdir.no/kunstig-intelligens/anskaffelse-av-generativ-ki/7546,2026-05-30,official AI procurement guidance,""AI-use logging, audit and provenanc"	needs direct source, source-pack resolution, or translation-aware review before example promotion
LIMEN-SIGNAL-DB3A92635D23B29E	first_pass_reviewed	hold_needs_direct_source	source_pack_proxy_candidate	candidate is a source-pack/proxy row that appears to name an underlying public source	must resolve the underlying source before any reviewed example or paper claim	resolve underlying direct public source before review	2026-06-14T08:35:44Z	P3_candidate_review	identity-provenance	content provenance	/srv/tyche/gaia/tyche-research-vault/papers/ai-act-eidas-synthetic-lab/synthesis/references/source-ledger.csv	23	sha256:79933d7b140ac818be12850f2dabe4ad8b1eae0b48b6ee050c5bebeaf94f734b	"22,specification,""C2PA Technical Specification, version 2.1"",Coalition for Content Provenance and Authenticity,https://c2pa.org/specifications/specifications/2.1/specs/C2PA_Specification.html,2.1,2026-06-01,checked,""Content provenance manifest/assertion archit"	needs direct source, source-pack resolution, or translation-aware review before example promotion
LIMEN-SIGNAL-DBB10B7D3491574D	first_pass_reviewed	hold_needs_direct_source	source_pack_proxy_candidate	candidate is a source-pack/proxy row that appears to name an underlying public source	must resolve the underlying source before any reviewed example or paper claim	resolve underlying direct public source before review	2026-06-14T08:35:44Z	P3_candidate_review	residual-weird	AI harm	/srv/tyche/projects/limen-ai-edge-case-atlas/results/boost/limen-boost-014/comparator-threshold-register.tsv	7	sha256:d82b44f7e7f36c9fcbe82d6cfea88c6ef24f4bfed784c34705cbd09b5310007a	2026-06-07T13:48:25Z limen-boost-014 CTR-014-006 cset_ai_harm CSET AI Harm taxonomy / overview Zero local slots; citation/manual overlay only. One second-pass low-drift manual bridge for a well-supported LIMEN category would upgrade CSET from generic related-w	needs direct source, source-pack resolution, or translation-aware review before example promotion
LIMEN-SIGNAL-DCAE6D833D43CB29	first_pass_reviewed	promote_to_source_review	direct_surface_candidate	candidate points directly to a public or official-looking source surface	direct source review may inspect source posture only; no prevalence, legality, safety, or compliance claim	open direct source review packet	2026-06-14T08:35:44Z	P3_candidate_review	identity-provenance	deepfake	/srv/tyche/atlas/tyche-thesis-atlas-factory/corpus/v0.2-working/gaia-agent-atlas/gaia-records-latest.jsonl	40	sha256:e75590bbf927035af757e3843dd0dbfef9e02f0d1259db495c23e0994dcf4ea4	"{""content_hash"": ""0ba8e3e291762b2ff0ff5d15eb6f4054e485c3bd535a3f7bdea6c1335272a3da"", ""corpus_version"": ""v0.2-working"", ""gaia_built_at"": ""2026-06-03T02:05:15+00:00"", ""gaia_record_key"": ""glean-agents::Glean Agents"", ""gaia_zenodo_doi"": ""https://doi.org/10.5281/ze"	needs direct source, source-pack resolution, or translation-aware review before example promotion
LIMEN-SIGNAL-DDA3CB869A639E03	first_pass_reviewed	hold_needs_direct_source	source_pack_proxy_candidate	candidate is a source-pack/proxy row that appears to name an underlying public source	must resolve the underlying source before any reviewed example or paper claim	resolve underlying direct public source before review	2026-06-14T08:35:44Z	P3_candidate_review	residual-weird	AI harm	/srv/tyche/projects/limen-ai-edge-case-atlas/results/source-map/source-family-priority-currentness-audit-v0.1.tsv	7	sha256:dbb6ecdf367d3c6eab5e31a787f04e09eb018d62b657d5480aba3f14dc7d5ca0	SFPCA-006 2026-06-08T06:16:55Z sf06 CSET AI Harm taxonomy / overview https://cset.georgetown.edu/article/understanding-ai-harms-an-overview/ GET bounded public article page 200 https://cset.georgetown.edu/article/understanding-ai-harms-an-overview/ text/html;	needs direct source, source-pack resolution, or translation-aware review before example promotion
LIMEN-SIGNAL-DDC0C441C5D7D79F	first_pass_reviewed	hold_needs_direct_source	source_pack_proxy_candidate	candidate is a source-pack/proxy row that appears to name an underlying public source	must resolve the underlying source before any reviewed example or paper claim	resolve underlying direct public source before review	2026-06-14T08:35:44Z	P3_candidate_review	identity-provenance	deepfake	/srv/tyche/projects/limen-ai-edge-case-atlas/results/boost/limen-boost-055/finland-browser-surface-verification.tsv	5	sha256:5e46dd5b09becfe5033622141b62ea42823489d739420160ced737e11246be1e	2026-06-07T19:15:34Z FBSV-055-004 Finnish police search generic AI term https://poliisi.fi/haku?q=deepfake reachable_generic_results_only The public police search surface returns two generic PDF results for `deepfake` (a 2025 money-laundering annual report and	needs direct source, source-pack resolution, or translation-aware review before example promotion
LIMEN-SIGNAL-DDC77356D853A1F3	first_pass_reviewed	promote_to_source_review	direct_surface_candidate	candidate points directly to a public or official-looking source surface	direct source review may inspect source posture only; no prevalence, legality, safety, or compliance claim	open direct source review packet	2026-06-14T08:35:44Z	P3_candidate_review	identity-provenance	C2PA	/srv/tyche/gaia/tyche-research-vault/notes/bseade-paper-b-attestation-corpus-bootstrap-2026-05-24.md	13	sha256:6523005de2adc1c00f0fee37472ffc0f91fe1654e3c5d03bb3446f230bd5e92c	| 1 | DALL-E 3 / ChatGPT image generation | Generative-AI agent output | OpenAI | C2PA manifest embedded in image; SynthID watermark; openai.com/verify portal | C2PA 2.x, SynthID | https://openai.com/index/advancing-content-provenance/ | 2026-05-24 | Y | Signe	needs direct source, source-pack resolution, or translation-aware review before example promotion
LIMEN-SIGNAL-DDF7DBAC82C92337	first_pass_reviewed	hold_needs_direct_source	source_pack_proxy_candidate	candidate is a source-pack/proxy row that appears to name an underlying public source	must resolve the underlying source before any reviewed example or paper claim	resolve underlying direct public source before review	2026-06-14T08:35:44Z	P3_candidate_review	identity-provenance	deepfake	/srv/tyche/projects/limen-ai-edge-case-atlas/results/dashboard-paper/caption-control-register-v0.1.tsv	18	sha256:c4538b37e41927076f1923ab6360f9663d9602b8273798ae93e211ecd4776856	2026-06-07T12:20:47Z CCR-019 LIMEN-VIS-003 Figure 3 legal uncertainty matrix results/crosswalks/legal-review-frontier-v0.1.tsv; results/crosswalks/legal-uncertainty-queue.md; results/boost/limen-dashboard-paper-forge/legal-uncertainty-matrix.tsv; results/cross	needs direct source, source-pack resolution, or translation-aware review before example promotion
LIMEN-SIGNAL-DE18429CE609673E	first_pass_reviewed	hold_needs_direct_source	source_pack_proxy_candidate	candidate is a source-pack/proxy row that appears to name an underlying public source	must resolve the underlying source before any reviewed example or paper claim	resolve underlying direct public source before review	2026-06-14T08:35:44Z	P3_candidate_review	identity-provenance	watermark	/srv/tyche/gaia/tyche-research-vault/release/gaia-preprint-freeze-20260605T0815EEST/data/global-agent-atlas-v0.1/snapshots/yellow.ai-3b30b8ae51394ae1.bin	1411	sha256:554a50f97c954c904a19cdd14dfce7df56ff1961012e2368acd6bbbf623f4319	"<img loading=""lazy"" decoding=""async"" width=""325"" height=""291"" src=""https://yellow.ai/wp-content/uploads/2022/03/Stocksy_comp_watermarked_3036677-1-1.webp"" class=""attachment-full size-full"" alt=""Conversational marketing chatbots - Yellow.ai"" srcset=""https://yel"	needs direct source, source-pack resolution, or translation-aware review before example promotion
LIMEN-SIGNAL-DE448F829C38DC80	first_pass_reviewed	hold_needs_direct_source	source_pack_proxy_candidate	candidate is a source-pack/proxy row that appears to name an underlying public source	must resolve the underlying source before any reviewed example or paper claim	resolve underlying direct public source before review	2026-06-14T08:35:44Z	P3_candidate_review	identity-provenance	watermark	/srv/tyche/gaia/tyche-research-vault/data/eu-agent-atlas-v0.1/snapshots/ibm.com-1ffdb18e24f1f73e.bin	3060	sha256:e3865977a3d9a75e6047df43343f35c04962aa469f0fcc3744f1f1c6cd87ffa5	"<div data-cmp-aspectratio=""original"" data-cmp-hook-image=""imageV3IBM"" data-cmp-is=""image"" data-cmp-widths=""320,384,512,640,768,960,1024,1152,1280,1536,1584"" data-cmp-dmimage data-cmp-src=""https://assets.ibm.com/is/image/ibm/16-9-logo-ufc?ts=1779401371691&amp;d"	needs direct source, source-pack resolution, or translation-aware review before example promotion
LIMEN-SIGNAL-DE873405382B237D	first_pass_reviewed	hold_needs_direct_source	source_pack_proxy_candidate	candidate is a source-pack/proxy row that appears to name an underlying public source	must resolve the underlying source before any reviewed example or paper claim	resolve underlying direct public source before review	2026-06-14T08:35:44Z	P3_candidate_review	identity-provenance	watermark	/srv/tyche/gaia/tyche-research-vault/data/eu-agent-atlas-v0.1/snapshots/ibm.com-0c76bbd1500036b8.bin	4072	sha256:2913b33310347edff310cd138bacbc0fca557ad7a6a893381ac17f0b1da83984	"<div data-cmp-aspectratio=""16x9"" data-cmp-hook-image=""imageV3IBM"" data-cmp-is=""image"" data-cmp-widths=""320,384,512,640,768,960,1024,1152,1280,1536,1584"" data-cmp-dmimage data-cmp-src=""https://assets.ibm.com/is/image/ibm/serre-chevalier-leadspace?ts=17794013782"	needs direct source, source-pack resolution, or translation-aware review before example promotion
LIMEN-SIGNAL-DED1CA74E01FF996	first_pass_reviewed	hold_needs_direct_source	source_pack_proxy_candidate	candidate is a source-pack/proxy row that appears to name an underlying public source	must resolve the underlying source before any reviewed example or paper claim	resolve underlying direct public source before review	2026-06-14T08:35:44Z	P3_candidate_review	identity-provenance	C2PA	/srv/tyche/atlas/tyche-thesis-atlas-factory/results/exploitation-wave-cross-20260605T193210Z/claim-support-curated.json	3446	sha256:d56e13e07df7bdbdaf0f9664e5bcf59e257a163a207c6fbbbbc99f520557b72e	"text: ""ASPECTS OF EXECUTING TECHNICAL D \\\\| scholarly-doi-source \\\\| needs-clause-verification \\\\| technical documentation; conformity assessment \\\\| https://doi.org/10.47675/2304-6309-2025-30-75-88 \\\\| ## standards_fragments_missing_carrier SCITT,"	needs direct source, source-pack resolution, or translation-aware review before example promotion
LIMEN-SIGNAL-DFBA6DCA22822D92	first_pass_reviewed	hold_needs_direct_source	source_pack_proxy_candidate	candidate is a source-pack/proxy row that appears to name an underlying public source	must resolve the underlying source before any reviewed example or paper claim	resolve underlying direct public source before review	2026-06-14T08:35:44Z	P3_candidate_review	identity-provenance	deepfake	/srv/tyche/projects/limen-ai-edge-case-atlas/results/multilingual/multilingual-claim-support-register-v0.1.tsv	5	sha256:78aff8ca4da6061567850979f03035bb71a2368df7694b6f6780d42cf1cc9b3c	2026-06-08T10:24:17Z MCSR-004 LIMEN-C-013 queue_only_limitations_package 4 results/multilingual/source-resolution-barriers-v0.1.tsv:LMWCS-20260606-002;LMWCS-20260606-003;LMWCS-20260606-006 Kaleva, 15min.lt, and tv3.ee currently form a heterogeneous limitations	needs direct source, source-pack resolution, or translation-aware review before example promotion
LIMEN-SIGNAL-DFCA9FFAE37DE3D3	first_pass_reviewed	hold_needs_direct_source	source_pack_proxy_candidate	candidate is a source-pack/proxy row that appears to name an underlying public source	must resolve the underlying source before any reviewed example or paper claim	resolve underlying direct public source before review	2026-06-14T08:35:44Z	P3_candidate_review	identity-provenance	watermark	/srv/tyche/gaia/tyche-research-vault/submissions/eu-agent-atlas-release-2026-06-01/02-zenodo-artifact/artifact/data/eu-agent-atlas-v0.1/snapshots/ibm.com-1ffdb18e24f1f73e.bin	4255	sha256:3343f2c8749f777961d9ae5fad1b5731a08f58bc53a9f0edb591cafedcc47fb7	"<div data-cmp-aspectratio=""16x9"" data-cmp-hook-image=""imageV3IBM"" data-cmp-is=""image"" data-cmp-widths=""320,384,512,640,768,960,1024,1152,1280,1536,1584"" data-cmp-dmimage data-cmp-src=""https://assets.ibm.com/is/image/ibm/ibm2569_client_zero_hr?ts=1779401381300&"	needs direct source, source-pack resolution, or translation-aware review before example promotion
LIMEN-SIGNAL-E0172CB94553FCB6	first_pass_reviewed	hold_needs_direct_source	source_pack_proxy_candidate	candidate is a source-pack/proxy row that appears to name an underlying public source	must resolve the underlying source before any reviewed example or paper claim	resolve underlying direct public source before review	2026-06-14T08:35:44Z	P3_candidate_review	identity-provenance	watermark	/srv/tyche/gaia/tyche-research-vault/submissions/eu-agent-atlas-release-2026-06-01/02-zenodo-artifact/artifact/data/eu-agent-atlas-v0.1/snapshots/ibm.com-5887944faa1ab6e2.bin	1638	sha256:26218e17499175241731b646b3c318d8cd1f20a0f72b9d7beec0b49a0e37732d	"<div data-cmp-aspectratio=""4x3"" data-cmp-hook-image=""imageV3IBM"" slot=""media"" data-cmp-is=""image"" data-cmp-widths=""320,384,512,640,768,960,1024,1152,1280,1536,1584"" data-cmp-dmimage data-cmp-src=""https://assets.ibm.com/is/image/ibm/orchestrate-use-cases-2-3-sa"	needs direct source, source-pack resolution, or translation-aware review before example promotion
LIMEN-SIGNAL-E05CD276202BE1CA	first_pass_reviewed	promote_to_source_review	direct_surface_candidate	candidate points directly to a public or official-looking source surface	direct source review may inspect source posture only; no prevalence, legality, safety, or compliance claim	open direct source review packet	2026-06-14T08:35:44Z	P3_candidate_review	identity-provenance	watermark	/srv/tyche/atlas/tyche-thesis-atlas-factory/inbox/epo-ops/raw/WO_2025194864_A1.json	1	sha256:f4cb4d6c779798a72202a461c9965d630ea0eb9e7b06b240237dd0f0b90799f4	"{""ops:world-patent-data"":{""@xmlns"":{""ops"":""http://ops.epo.org"",""$"":""http://www.epo.org/exchange"",""xlink"":""http://www.w3.org/1999/xlink""},""exchange-documents"":{""exchange-document"":{""@system"":""ops.epo.org"",""@family-id"":""97056817"",""@country"":""WO"",""@doc-number"":""2"	needs direct source, source-pack resolution, or translation-aware review before example promotion
LIMEN-SIGNAL-E0B50A1CBE955E4B	first_pass_reviewed	hold_needs_direct_source	source_pack_proxy_candidate	candidate is a source-pack/proxy row that appears to name an underlying public source	must resolve the underlying source before any reviewed example or paper claim	resolve underlying direct public source before review	2026-06-14T08:35:44Z	P3_candidate_review	identity-provenance	C2PA	/srv/tyche/gaia/tyche-research-vault/papers/eatf-agent-card-attestation-lab/wave3-worldcards/sncs-d-26-04573-return-fix/supplement-source/world-cards-observatory-supplement-v0.1/artifacts/references/reference-url-checks.json	98	sha256:30cb8ca3c18635e1b2b1cc94470c48104e0e25651250251c7946e2d6b0502ff7	"url: ""https://spec.c2pa.org/specifications/specifications/2.3/specs/C2PA_Specification.html"","	needs direct source, source-pack resolution, or translation-aware review before example promotion
LIMEN-SIGNAL-E10A327C58BC01ED	first_pass_reviewed	hold_needs_direct_source	source_pack_proxy_candidate	candidate is a source-pack/proxy row that appears to name an underlying public source	must resolve the underlying source before any reviewed example or paper claim	resolve underlying direct public source before review	2026-06-14T08:35:44Z	P3_candidate_review	identity-provenance	watermark	/srv/tyche/gaia/tyche-research-vault/submissions/agent-atlas-public-release-2026-06-01/03-zenodo-agent-atlas-artifact-v0.1/artifact/data/eu-agent-atlas-v0.1/snapshots/ibm.com-1b7016da60f2a1c8.bin	748	sha256:3d9c14e5da489b100dd0bfa68001fe3d68d265ff7d0a6676ed13b758edfe6ba1	"<div data-cmp-aspectratio=""4x3|4x3|original|original|original"" data-cmp-hook-image=""imageV3IBM"" data-cmp-is=""image"" data-cmp-widths=""320,384,512,640,768,960,1024,1152,1280,1536,1584"" data-cmp-dmimage data-cmp-src=""https://assets.ibm.com/is/image/ibm/wxo-build-"	needs direct source, source-pack resolution, or translation-aware review before example promotion
LIMEN-SIGNAL-E156119061D07D78	first_pass_reviewed	hold_needs_direct_source	source_pack_proxy_candidate	candidate is a source-pack/proxy row that appears to name an underlying public source	must resolve the underlying source before any reviewed example or paper claim	resolve underlying direct public source before review	2026-06-14T08:35:44Z	P3_candidate_review	residual-weird	AI incident	/srv/tyche/projects/limen-ai-edge-case-atlas/results/boost/limen-boost-001/blocked-source-priority-register.tsv	9	sha256:5882b7bf15cef6b94433186ec735549cfbad376f1957398b5ff31bfdd4e00a5e	2026-06-07T06:02:54Z limen-boost-001 8 BSR-008 sf01 AI Incident Database (AIID) machine-readable discovery route origin_restricted_graphql_and_partial_field_manifest rights_or_route_gap Strong for overlap, residual-gap detection, and source-baseline discussion	needs direct source, source-pack resolution, or translation-aware review before example promotion
LIMEN-SIGNAL-E1AE722B57D602E0	first_pass_reviewed	hold_needs_direct_source	source_pack_proxy_candidate	candidate is a source-pack/proxy row that appears to name an underlying public source	must resolve the underlying source before any reviewed example or paper claim	resolve underlying direct public source before review	2026-06-14T08:35:44Z	P3_candidate_review	identity-provenance	watermark	/srv/tyche/gaia/tyche-research-vault/submissions/agent-atlas-public-release-2026-06-01/03-zenodo-agent-atlas-artifact-v0.1/artifact/data/eu-agent-atlas-v0.1/snapshots/ibm.com-0c76bbd1500036b8.bin	4436	sha256:b4323bffd5c7d9e0ea07214ccc24f55124ab3dd87c116f96db1f4fb070986cb9	"<div data-cmp-aspectratio=""16x9"" data-cmp-hook-image=""imageV3IBM"" data-cmp-is=""image"" data-cmp-widths=""320,384,512,640,768,960,1024,1152,1280,1536,1584"" data-cmp-dmimage data-cmp-src=""https://assets.ibm.com/is/image/ibm/mylua_ibm-case-study-image?ts=1779401384"	needs direct source, source-pack resolution, or translation-aware review before example promotion
LIMEN-SIGNAL-E1FDC0341B7970A8	first_pass_reviewed	hold_needs_direct_source	source_pack_proxy_candidate	candidate is a source-pack/proxy row that appears to name an underlying public source	must resolve the underlying source before any reviewed example or paper claim	resolve underlying direct public source before review	2026-06-14T08:35:44Z	P3_candidate_review	identity-provenance	watermark	/srv/tyche/gaia/tyche-research-vault/data/global-agent-atlas-v0.1/snapshots/source-witness-repair-20260607/doc-ibm-wxo-integrations-20260601__1__www.ibm.com__direct_public_fetch__07c6f0131d49625c.html	1966	sha256:a9786bb393fcdcdf8f90bac9b9e948dfc3faef6ce461d6b9a9fabf7e01247a0e	"<div data-cmp-aspectratio=""original"" data-cmp-hook-image=""imageV3IBM"" slot=""media"" data-cmp-is=""image"" data-cmp-widths=""320,384,512,640,768,960,1024,1152,1280,1536,1584"" data-cmp-dmimage data-cmp-src=""https://assets.ibm.com/is/image/ibm/gmail_1034x780?ts=17774"	needs direct source, source-pack resolution, or translation-aware review before example promotion
LIMEN-SIGNAL-E214C9A95B83F2C0	first_pass_reviewed	hold_needs_direct_source	source_pack_proxy_candidate	candidate is a source-pack/proxy row that appears to name an underlying public source	must resolve the underlying source before any reviewed example or paper claim	resolve underlying direct public source before review	2026-06-14T08:35:44Z	P3_candidate_review	identity-provenance	deepfake	/srv/tyche/projects/limen-ai-edge-case-atlas/results/boost/limen-boost-007/finland-upgrade-route-audit.tsv	4	sha256:303b52462da7beea4693ec576b35ad053816d1e97ab4459e537f0749f98c5e40	FRA-007-002 LMWCS-20260606-002 2 Kaleva robots check https://www.kaleva.fi/robots.txt robots_publicly_readable robots explicitly disallow ChatGPT-User, GPTBot, Google-Extended, anthropic-ai, and several other AI-oriented agents The host should be treated as co	needs direct source, source-pack resolution, or translation-aware review before example promotion
LIMEN-SIGNAL-E22D31A26B3C0CE2	first_pass_reviewed	hold_needs_direct_source	source_pack_proxy_candidate	candidate is a source-pack/proxy row that appears to name an underlying public source	must resolve the underlying source before any reviewed example or paper claim	resolve underlying direct public source before review	2026-06-14T08:35:44Z	P3_candidate_review	identity-provenance	watermark	/srv/tyche/gaia/tyche-research-vault/submissions/agent-atlas-public-release-2026-06-01/03-zenodo-agent-atlas-artifact-v0.1/artifact/data/eu-agent-atlas-v0.1/snapshots/ibm.com-1ffdb18e24f1f73e.bin	4436	sha256:b4323bffd5c7d9e0ea07214ccc24f55124ab3dd87c116f96db1f4fb070986cb9	"<div data-cmp-aspectratio=""16x9"" data-cmp-hook-image=""imageV3IBM"" data-cmp-is=""image"" data-cmp-widths=""320,384,512,640,768,960,1024,1152,1280,1536,1584"" data-cmp-dmimage data-cmp-src=""https://assets.ibm.com/is/image/ibm/mylua_ibm-case-study-image?ts=1779401384"	needs direct source, source-pack resolution, or translation-aware review before example promotion
LIMEN-SIGNAL-E278E382B48D79F6	first_pass_reviewed	hold_needs_direct_source	source_pack_proxy_candidate	candidate is a source-pack/proxy row that appears to name an underlying public source	must resolve the underlying source before any reviewed example or paper claim	resolve underlying direct public source before review	2026-06-14T08:35:44Z	P3_candidate_review	identity-provenance	watermark	/srv/tyche/gaia/tyche-research-vault/data/eu-agent-atlas-v0.1/snapshots/ibm.com-1ffdb18e24f1f73e.bin	3891	sha256:24093a68630cf924952883365c8399152679853797f3476c2eb7ae7ab83bd99e	"<div data-cmp-aspectratio=""16x9"" data-cmp-hook-image=""imageV3IBM"" data-cmp-is=""image"" data-cmp-widths=""320,384,512,640,768,960,1024,1152,1280,1536,1584"" data-cmp-dmimage data-cmp-src=""https://assets.ibm.com/is/image/ibm/20250202a_1436?ts=1779401375362&amp;dpr="	needs direct source, source-pack resolution, or translation-aware review before example promotion
LIMEN-SIGNAL-E2FF2F05C308B19A	first_pass_reviewed	hold_needs_direct_source	source_pack_proxy_candidate	candidate is a source-pack/proxy row that appears to name an underlying public source	must resolve the underlying source before any reviewed example or paper claim	resolve underlying direct public source before review	2026-06-14T08:35:44Z	P3_candidate_review	residual-weird	AI incident	/srv/tyche/projects/limen-ai-edge-case-atlas/results/source-map/source-family-figure1-register-v0.1.tsv	2	sha256:c4fc369a57453facc959b82658e66fd1e97c34175b13ab64b1edf428aec25f4a	2026-06-07T23:27:09Z sf01 AI Incident Database (AIID) P0 13 maintenance_comparator no secondary_or_low global_english_led bounded_or_manual_reuse continuous_or_rolling english_led global seeded grounded_now maintain_current_bounded_use Verify one snapshot mani	needs direct source, source-pack resolution, or translation-aware review before example promotion
LIMEN-SIGNAL-E32A9A473DE5C4BE	first_pass_reviewed	hold_needs_direct_source	source_pack_proxy_candidate	candidate is a source-pack/proxy row that appears to name an underlying public source	must resolve the underlying source before any reviewed example or paper claim	resolve underlying direct public source before review	2026-06-14T08:35:44Z	P3_candidate_review	identity-provenance	watermark	/srv/tyche/gaia/tyche-research-vault/submissions/agent-atlas-public-release-2026-06-01/03-zenodo-agent-atlas-artifact-v0.1/artifact/data/eu-agent-atlas-v0.1/snapshots/ibm.com-1ffdb18e24f1f73e.bin	3365	sha256:b138957edc67c375cd01d8aec7355d928b5fe3b64bc031fa6be2e40afb36281b	"<div data-cmp-aspectratio=""original"" data-cmp-hook-image=""imageV3IBM"" data-cmp-is=""image"" data-cmp-widths=""320,384,512,640,768,960,1024,1152,1280,1536,1584"" data-cmp-dmimage data-cmp-src=""https://assets.ibm.com/is/image/ibm/my-lua-health-logo-2x1?ts=1779401386"	needs direct source, source-pack resolution, or translation-aware review before example promotion
LIMEN-SIGNAL-E3676C0642B8C4DC	first_pass_reviewed	hold_needs_direct_source	source_pack_proxy_candidate	candidate is a source-pack/proxy row that appears to name an underlying public source	must resolve the underlying source before any reviewed example or paper claim	resolve underlying direct public source before review	2026-06-14T08:35:44Z	P3_candidate_review	identity-provenance	deepfake	/srv/tyche/projects/limen-ai-edge-case-atlas/results/boost/limen-boost-017/multilingual-reviewer-objection-register.tsv	4	sha256:8160b607fc6d26c888c4901506b8486dd6fb6e8a7622f9648fd7f99343f0824a	MRO-017-003 Why is Finland not promoted into a substantive multilingual geography if one Finnish row is already direct-source resolved? Because Finland currently combines one bounded broadcaster-source procedural-contamination row with one unresolved deepfake-	needs direct source, source-pack resolution, or translation-aware review before example promotion
LIMEN-SIGNAL-E375334814925353	first_pass_reviewed	promote_to_source_review	direct_surface_candidate	candidate points directly to a public or official-looking source surface	direct source review may inspect source posture only; no prevalence, legality, safety, or compliance claim	open direct source review packet	2026-06-14T08:35:44Z	P3_candidate_review	residual-weird	AI incident	/srv/tyche/pallas/pallas-ai-agent-observatory/reports/PALLAS_SECOND_PASS_SPRINT_9_SOURCE_REFRESH.csv	111	sha256:d2eaab8e872b798fc03ec2eae92ad4679ae5e68714ed39fb2b97a2c5343c2275	MS,Montserrat,I07,Penal Code (Amendment) Act 2022,Montserrat Legislative Assembly,https://parliament.ms/wp-content/uploads/2026/05/Act-No.-12-of-2022-Penal-Code-Amendment-Act-2022-for-assent-24.11.2022.pdf,2026-05-31,official act PDF,positive cybercrime baseli	needs direct source, source-pack resolution, or translation-aware review before example promotion
LIMEN-SIGNAL-E3A32872B775372F	first_pass_reviewed	hold_needs_direct_source	source_pack_proxy_candidate	candidate is a source-pack/proxy row that appears to name an underlying public source	must resolve the underlying source before any reviewed example or paper claim	resolve underlying direct public source before review	2026-06-14T08:35:44Z	P3_candidate_review	identity-provenance	deepfake	/srv/tyche/projects/limen-ai-edge-case-atlas/results/boost/limen-boost-002/aiid-machine-readable-field-family.tsv	8	sha256:8b863cbd715244a139d821e7a39d00c963f8dbc07bf41c729234fbdb6d490a8d	https://incidentdatabase.ai/page-data/cite/1515/page-data.json result.data.incident.Alleged_deployer_of_AI_system[] information-manipulation-actors|deepfake-creators machine-readable deployer-role entity family direct_public_page_data_json Shows a structured a	needs direct source, source-pack resolution, or translation-aware review before example promotion
LIMEN-SIGNAL-E4014A6AB8420816	first_pass_reviewed	hold_needs_direct_source	source_pack_proxy_candidate	candidate is a source-pack/proxy row that appears to name an underlying public source	must resolve the underlying source before any reviewed example or paper claim	resolve underlying direct public source before review	2026-06-14T08:35:44Z	P3_candidate_review	identity-provenance	watermark	/srv/tyche/gaia/tyche-research-vault/submissions/agent-atlas-public-release-2026-06-01/03-zenodo-agent-atlas-artifact-v0.1/artifact/data/eu-agent-atlas-v0.1/snapshots/ibm.com-0c76bbd1500036b8.bin	3243	sha256:1ec1168d8648d57545194e2374dc84ec9477b44f8ba58e5835adadb31c6be0b3	"<div data-cmp-aspectratio=""original"" data-cmp-hook-image=""imageV3IBM"" data-cmp-is=""image"" data-cmp-widths=""320,384,512,640,768,960,1024,1152,1280,1536,1584"" data-cmp-dmimage data-cmp-src=""https://assets.ibm.com/is/image/ibm/serre-chevalier-valle-logo-2x1?ts=17"	needs direct source, source-pack resolution, or translation-aware review before example promotion
LIMEN-SIGNAL-E49B43FE69CE5DE9	first_pass_reviewed	promote_to_source_review	direct_surface_candidate	candidate points directly to a public or official-looking source surface	direct source review may inspect source posture only; no prevalence, legality, safety, or compliance claim	open direct source review packet	2026-06-14T08:35:44Z	P3_candidate_review	identity-provenance	deepfake	/srv/tyche/atlas/tyche-thesis-atlas-factory/corpus/v0.2-working/gaia-agent-atlas/gaia-records-latest.jsonl	32	sha256:9241b56b678c4439d73ddc8ad49363f85dfdf0b1e80fc7346517c722528f46d6	"{""content_hash"": ""28ce805e60459387553cca33baf9ae712c24303a0f7cee87d85e5823507d5709"", ""corpus_version"": ""v0.2-working"", ""gaia_built_at"": ""2026-06-03T02:05:15+00:00"", ""gaia_record_key"": ""xai-grok::Grok"", ""gaia_zenodo_doi"": ""https://doi.org/10.5281/zenodo.2048950"	needs direct source, source-pack resolution, or translation-aware review before example promotion
LIMEN-SIGNAL-E505B122B9B71B52	first_pass_reviewed	hold_needs_direct_source	source_pack_proxy_candidate	candidate is a source-pack/proxy row that appears to name an underlying public source	must resolve the underlying source before any reviewed example or paper claim	resolve underlying direct public source before review	2026-06-14T08:35:44Z	P3_candidate_review	identity-provenance	watermark	/srv/tyche/gaia/tyche-research-vault/data/eu-agent-atlas-v0.1/snapshots/ibm.com-f1585c371accd8ae.bin	3735	sha256:a4ae5299100a14ba64c243bbc55286abe0dd7f093347d4b46f13cea026cc82e7	"<div data-cmp-aspectratio=""2x1"" data-cmp-hook-image=""imageV3IBM"" slot=""media"" data-cmp-is=""image"" data-cmp-widths=""320,384,512,640,768,960,1024,1152,1280,1536,1584"" data-cmp-dmimage data-cmp-src=""https://assets.ibm.com/is/image/ibm/sap-logo-think2025?ts=177506"	needs direct source, source-pack resolution, or translation-aware review before example promotion
LIMEN-SIGNAL-E50796FA6F5150A1	first_pass_reviewed	hold_needs_direct_source	source_pack_proxy_candidate	candidate is a source-pack/proxy row that appears to name an underlying public source	must resolve the underlying source before any reviewed example or paper claim	resolve underlying direct public source before review	2026-06-14T08:35:44Z	P3_candidate_review	residual-weird	AI incident	/srv/tyche/projects/limen-ai-edge-case-atlas/results/boost/limen-boost-002/sample-bridge-appendix.tsv	2	sha256:320b7854fe5dd90ba6e003458de1f5dc43936a6133c6998a1fa0eabea45ac42d	"AIID AI Incident Database https://incidentdatabase.ai/cite/1515/ public route `/cite/1515/` plus page label `data-testid=""Incident ID""` 1515 `data-testid=""incident-title""` Incident 1515: Purportedly AI-Generated Airport Videos Reportedly Showed Diaspora Voters"	needs direct source, source-pack resolution, or translation-aware review before example promotion
LIMEN-SIGNAL-E543DE065F8BF10C	first_pass_reviewed	hold_needs_direct_source	source_pack_proxy_candidate	candidate is a source-pack/proxy row that appears to name an underlying public source	must resolve the underlying source before any reviewed example or paper claim	resolve underlying direct public source before review	2026-06-14T08:35:44Z	P3_candidate_review	identity-provenance	watermark	/srv/tyche/gaia/tyche-research-vault/submissions/agent-atlas-public-release-2026-06-01/03-zenodo-agent-atlas-artifact-v0.1/artifact/data/eu-agent-atlas-v0.1/snapshots/ibm.com-0c76bbd1500036b8.bin	3182	sha256:98be06b7fbc2dd1b12d9356c3937d36a0f634cb14bc9cc7c0700cfe5dee13d31	"<div data-cmp-aspectratio=""original"" data-cmp-hook-image=""imageV3IBM"" data-cmp-is=""image"" data-cmp-widths=""320,384,512,640,768,960,1024,1152,1280,1536,1584"" data-cmp-dmimage data-cmp-src=""https://assets.ibm.com/is/image/ibm/16-9-logo-recording-academy?ts=17794"	needs direct source, source-pack resolution, or translation-aware review before example promotion
LIMEN-SIGNAL-E5A31B4A2E9E5168	first_pass_reviewed	hold_needs_direct_source	source_pack_proxy_candidate	candidate is a source-pack/proxy row that appears to name an underlying public source	must resolve the underlying source before any reviewed example or paper claim	resolve underlying direct public source before review	2026-06-14T08:35:44Z	P3_candidate_review	identity-provenance	C2PA	/srv/tyche/atlas/tyche-thesis-atlas-factory/snapshots/v0.2-freeze-20260601T060436Z/analysis/verification/verification-priority-semantic-links-v0.2.jsonl	104	sha256:d494e46f9a3bebe05a50a03e90f278ff5822b5c70732f22f22a693550a9dc5e0	"{""corpus_version"": ""v0.2"", ""generated_at"": ""2026-06-01T05:45:34Z"", ""relation"": ""source-supports-verification-task"", ""source_title"": ""EU Digital Identity Wallet Pilot implementation | Shaping Europe’s digital future"", ""source_url"": ""https://digital-strategy.ec."	needs direct source, source-pack resolution, or translation-aware review before example promotion
LIMEN-SIGNAL-E5A3A45D84834E57	first_pass_reviewed	hold_needs_direct_source	source_pack_proxy_candidate	candidate is a source-pack/proxy row that appears to name an underlying public source	must resolve the underlying source before any reviewed example or paper claim	resolve underlying direct public source before review	2026-06-14T08:35:44Z	P3_candidate_review	identity-provenance	watermark	/srv/tyche/gaia/tyche-research-vault/submissions/agent-atlas-public-release-2026-06-01/03-zenodo-agent-atlas-artifact-v0.1/artifact/data/eu-agent-atlas-v0.1/snapshots/ibm.com-0c76bbd1500036b8.bin	3304	sha256:55147383e95f4ed4b8a93752d84eede4aa3bdbc95e1b512412cd0232d220421a	"<div data-cmp-aspectratio=""original"" data-cmp-hook-image=""imageV3IBM"" data-cmp-is=""image"" data-cmp-widths=""320,384,512,640,768,960,1024,1152,1280,1536,1584"" data-cmp-dmimage data-cmp-src=""https://assets.ibm.com/is/image/ibm/ibm-logo-2x1?ts=1779401383569&amp;dp"	needs direct source, source-pack resolution, or translation-aware review before example promotion
LIMEN-SIGNAL-E6D81C2738543A1B	first_pass_reviewed	hold_needs_direct_source	source_pack_proxy_candidate	candidate is a source-pack/proxy row that appears to name an underlying public source	must resolve the underlying source before any reviewed example or paper claim	resolve underlying direct public source before review	2026-06-14T08:35:44Z	P3_candidate_review	identity-provenance	C2PA	/srv/tyche/atlas/tyche-thesis-atlas-factory/results/exploitation-wave-cross-20260605T192817Z/claim-support-curated.json	3102	sha256:d56e13e07df7bdbdaf0f9664e5bcf59e257a163a207c6fbbbbc99f520557b72e	"text: ""ASPECTS OF EXECUTING TECHNICAL D \\\\| scholarly-doi-source \\\\| needs-clause-verification \\\\| technical documentation; conformity assessment \\\\| https://doi.org/10.47675/2304-6309-2025-30-75-88 \\\\| ## standards_fragments_missing_carrier SCITT,"	needs direct source, source-pack resolution, or translation-aware review before example promotion
LIMEN-SIGNAL-E6E8289DF5C59C07	first_pass_reviewed	promote_to_source_review	direct_surface_candidate	candidate points directly to a public or official-looking source surface	direct source review may inspect source posture only; no prevalence, legality, safety, or compliance claim	open direct source review packet	2026-06-14T08:35:44Z	P3_candidate_review	identity-provenance	synthetic media	/srv/tyche/gaia/tyche-research-vault/data/global-agent-atlas-v0.1/exports/global-agent-atlas-facts-v0.1.csv	45	sha256:c3bfb4678d19caeb41b1721836526f1252e0de832d6932599ab8a4cd4afe1b77	runway-synthetic-video-20260601,runway-generative-video,Runway,article_50,Runway is a synthetic media source for Article 50 generated-content routing.,https://runwayml.com/,Runway,official_provider,provider_claim,2026-06-01,831c0443aa5bad463db872b9f085839c825e	needs direct source, source-pack resolution, or translation-aware review before example promotion
LIMEN-SIGNAL-E77363CBFD7FE6F6	first_pass_reviewed	hold_needs_direct_source	source_pack_proxy_candidate	candidate is a source-pack/proxy row that appears to name an underlying public source	must resolve the underlying source before any reviewed example or paper claim	resolve underlying direct public source before review	2026-06-14T08:35:44Z	P3_candidate_review	residual-weird	AI harm	/srv/tyche/projects/limen-ai-edge-case-atlas/results/boost/limen-boost-002/cset-harm-bridge.tsv	4	sha256:b0e5d593a283d8ccb51c5e99f85f84a6dd61fde0061e74ca4829cbde298808a7	CSET-003 CSET AI Harm taxonomy PDF https://raw.githubusercontent.com/georgetown-cset/CSET-AIID-harm-taxonomy/main/CSET%20V1%20AI%20Annotation%20Guide%20(with%20Schema%20and%20Field%20Descriptions)%2025Jul2023.pdf p. 5 in local extraction; sha256 5c3dea34c65437	needs direct source, source-pack resolution, or translation-aware review before example promotion
LIMEN-SIGNAL-E77549BD44494EF5	first_pass_reviewed	hold_needs_direct_source	source_pack_proxy_candidate	candidate is a source-pack/proxy row that appears to name an underlying public source	must resolve the underlying source before any reviewed example or paper claim	resolve underlying direct public source before review	2026-06-14T08:35:44Z	P3_candidate_review	identity-provenance	watermark	/srv/tyche/gaia/tyche-research-vault/submissions/agent-atlas-public-release-2026-06-01/03-zenodo-agent-atlas-artifact-v0.1/artifact/data/eu-agent-atlas-v0.1/snapshots/ibm.com-0c76bbd1500036b8.bin	3060	sha256:e3865977a3d9a75e6047df43343f35c04962aa469f0fcc3744f1f1c6cd87ffa5	"<div data-cmp-aspectratio=""original"" data-cmp-hook-image=""imageV3IBM"" data-cmp-is=""image"" data-cmp-widths=""320,384,512,640,768,960,1024,1152,1280,1536,1584"" data-cmp-dmimage data-cmp-src=""https://assets.ibm.com/is/image/ibm/16-9-logo-ufc?ts=1779401371691&amp;d"	needs direct source, source-pack resolution, or translation-aware review before example promotion
LIMEN-SIGNAL-E7D2DA856DDFE77E	first_pass_reviewed	hold_needs_direct_source	source_pack_proxy_candidate	candidate is a source-pack/proxy row that appears to name an underlying public source	must resolve the underlying source before any reviewed example or paper claim	resolve underlying direct public source before review	2026-06-14T08:35:44Z	P3_candidate_review	identity-provenance	C2PA	/srv/tyche/gaia/tyche-research-vault/papers/eatf-agent-card-attestation-lab/wave2-card2evidence/fixtures/provenance-companion-bundle.json	9	sha256:6b84986de98cb3eba609a0e1c5b06c6ebd5d2a4fd2776b01d6f1d03e47a12d3d	https://spec.c2pa.org/specifications/specifications/2.2/specs/C2PA_Specification.html,	needs direct source, source-pack resolution, or translation-aware review before example promotion
LIMEN-SIGNAL-E7DF4FF1D0CB4786	first_pass_reviewed	hold_needs_direct_source	source_pack_proxy_candidate	candidate is a source-pack/proxy row that appears to name an underlying public source	must resolve the underlying source before any reviewed example or paper claim	resolve underlying direct public source before review	2026-06-14T08:35:44Z	P3_candidate_review	identity-provenance	deepfake	/srv/tyche/projects/limen-ai-edge-case-atlas/results/boost/limen-boost-005/finnish-oversight-prosecution-surface-probe.tsv	6	sha256:1a5e2afd0fc8cdd263dc429c4b6e1cf0f636892b1b679ef5aceb6867db83415c	2026-06-07T18:30:19Z FOSP-005-005 LMWCS-20260606-001 Yle official corroboration Tuomioistuimet.fi tekoäly valitus poliisi https://www.tuomioistuimet.fi/?s=&search_q=teko%C3%A4ly%20valitus%20poliisi Terminal pass flagged no-results state; browser snapshot for t	needs direct source, source-pack resolution, or translation-aware review before example promotion
LIMEN-SIGNAL-E8173ED16FC38052	first_pass_reviewed	hold_needs_direct_source	source_pack_proxy_candidate	candidate is a source-pack/proxy row that appears to name an underlying public source	must resolve the underlying source before any reviewed example or paper claim	resolve underlying direct public source before review	2026-06-14T08:35:44Z	P3_candidate_review	identity-provenance	watermark	/srv/tyche/gaia/tyche-research-vault/data/eu-agent-atlas-v0.1/snapshots/ibm.com-f1585c371accd8ae.bin	748	sha256:3bfc014fe67d2cb6c01ffbf0365eeecc73a61df6ac18ba44969b0dfb71d5dfd5	"<div data-cmp-aspectratio=""4x3|4x3|original|original|original"" data-cmp-hook-image=""imageV3IBM"" data-cmp-is=""image"" data-cmp-widths=""320,384,512,640,768,960,1024,1152,1280,1536,1584"" data-cmp-dmimage data-cmp-src=""https://assets.ibm.com/is/image/ibm/wo-leadspa"	needs direct source, source-pack resolution, or translation-aware review before example promotion
LIMEN-SIGNAL-E8E8FD9717D41632	first_pass_reviewed	hold_needs_direct_source	source_pack_proxy_candidate	candidate is a source-pack/proxy row that appears to name an underlying public source	must resolve the underlying source before any reviewed example or paper claim	resolve underlying direct public source before review	2026-06-14T08:35:44Z	P3_candidate_review	identity-provenance	synthetic media	/srv/tyche/gaia/tyche-research-vault/submissions/agent-atlas-public-release-2026-06-01/03-zenodo-agent-atlas-artifact-v0.1/artifact/data/global-agent-atlas-v0.1/exports/global-agent-atlas-facts-v0.1.csv	45	sha256:c3bfb4678d19caeb41b1721836526f1252e0de832d6932599ab8a4cd4afe1b77	runway-synthetic-video-20260601,runway-generative-video,Runway,article_50,Runway is a synthetic media source for Article 50 generated-content routing.,https://runwayml.com/,Runway,official_provider,provider_claim,2026-06-01,831c0443aa5bad463db872b9f085839c825e	needs direct source, source-pack resolution, or translation-aware review before example promotion
LIMEN-SIGNAL-E9365B72D8785E50	first_pass_reviewed	promote_to_source_review	direct_surface_candidate	candidate points directly to a public or official-looking source surface	direct source review may inspect source posture only; no prevalence, legality, safety, or compliance claim	open direct source review packet	2026-06-14T08:35:44Z	P3_candidate_review	identity-provenance	deepfake	/srv/tyche/atlas/tyche-thesis-atlas-factory/corpus/v0.2-working/gaia-agent-atlas/gaia-records-latest.jsonl	36	sha256:b764da07bc435cd9c84de630432d10625d78addb79b22c54e1c4d4ac58f29f5b	"{""content_hash"": ""cb1607a89ca4445930bf45bad2f0e985f454c17f89a6c1c47adf456166f1a2a0"", ""corpus_version"": ""v0.2-working"", ""gaia_built_at"": ""2026-06-03T02:05:15+00:00"", ""gaia_record_key"": ""zendesk-ai-agents::Zendesk AI Agents"", ""gaia_zenodo_doi"": ""https://doi.org/"	needs direct source, source-pack resolution, or translation-aware review before example promotion
LIMEN-SIGNAL-E995E7BCDEBB1C70	first_pass_reviewed	promote_to_source_review	direct_surface_candidate	candidate points directly to a public or official-looking source surface	direct source review may inspect source posture only; no prevalence, legality, safety, or compliance claim	open direct source review packet	2026-06-14T08:35:44Z	P3_candidate_review	identity-provenance	C2PA	/srv/tyche/gaia/tyche-research-vault/build/jipitec/mapping-paper-jipitec-anon.md	392	sha256:3ebe12bf6697a0c47ba44972d1e7a84086595f906b06896ec537eb6a72f74d09	[^11]: Coalition for Content Provenance and Authenticity, 'C2PA Technical Specification' (version 2.1, 2025) <https://c2pa.org/specifications/> accessed 15 May 2026.	needs direct source, source-pack resolution, or translation-aware review before example promotion
LIMEN-SIGNAL-E9CD70A737476F79	first_pass_reviewed	hold_needs_direct_source	source_pack_proxy_candidate	candidate is a source-pack/proxy row that appears to name an underlying public source	must resolve the underlying source before any reviewed example or paper claim	resolve underlying direct public source before review	2026-06-14T08:35:44Z	P3_candidate_review	identity-provenance	voice cloning	/srv/tyche/projects/limen-ai-edge-case-atlas/results/boost/limen-boost-043/cross-project-mining-threshold-register.tsv	2	sha256:429d9610895f047bcbff1b57f2fdd5cc463a7ddd307ed135ae8bf2ca13527234	CPMTR-043-001 20260607T152511Z deepfake|voice cloning|synthetic identity|false authorship|AI-generated evidence|synthetic media gaia+atlas+pallas cross_project_subset_overview 4219 non-LIMEN snippet matches in the identity-provenance mining run, concentrated i	needs direct source, source-pack resolution, or translation-aware review before example promotion
LIMEN-SIGNAL-EA2D964263C1D2B3	first_pass_reviewed	hold_needs_direct_source	source_pack_proxy_candidate	candidate is a source-pack/proxy row that appears to name an underlying public source	must resolve the underlying source before any reviewed example or paper claim	resolve underlying direct public source before review	2026-06-14T08:35:44Z	P3_candidate_review	identity-provenance	watermark	/srv/tyche/gaia/tyche-research-vault/data/eu-agent-atlas-v0.1/snapshots/ibm.com-0c76bbd1500036b8.bin	4436	sha256:b4323bffd5c7d9e0ea07214ccc24f55124ab3dd87c116f96db1f4fb070986cb9	"<div data-cmp-aspectratio=""16x9"" data-cmp-hook-image=""imageV3IBM"" data-cmp-is=""image"" data-cmp-widths=""320,384,512,640,768,960,1024,1152,1280,1536,1584"" data-cmp-dmimage data-cmp-src=""https://assets.ibm.com/is/image/ibm/mylua_ibm-case-study-image?ts=1779401384"	needs direct source, source-pack resolution, or translation-aware review before example promotion
LIMEN-SIGNAL-EBDC0F5C352AB33B	first_pass_reviewed	hold_needs_direct_source	source_pack_proxy_candidate	candidate is a source-pack/proxy row that appears to name an underlying public source	must resolve the underlying source before any reviewed example or paper claim	resolve underlying direct public source before review	2026-06-14T08:35:44Z	P3_candidate_review	residual-weird	AI incident	/srv/tyche/projects/limen-ai-edge-case-atlas/results/boost/limen-boost-002/crosswalk-evidence-appendix.tsv	2	sha256:034d887abc90ab0e7d1274edcf8adbe5c9dc2823980973e6df1a97d46658526e	AIID AI Incident Database incident_database https://incidentdatabase.ai/cite/1515/ 1515 Incident 1515: Purportedly AI-Generated Airport Videos Reportedly Showed Diaspora Voters Supporting Albin Kurti 2025-11-23 Report Count = 3; first visible report-fragment I	needs direct source, source-pack resolution, or translation-aware review before example promotion
LIMEN-SIGNAL-EC3439F8DA697FC7	first_pass_reviewed	hold_needs_direct_source	source_pack_proxy_candidate	candidate is a source-pack/proxy row that appears to name an underlying public source	must resolve the underlying source before any reviewed example or paper claim	resolve underlying direct public source before review	2026-06-14T08:35:44Z	P3_candidate_review	identity-provenance	watermark	/srv/tyche/gaia/tyche-research-vault/data/global-agent-atlas-v0.1/snapshots/source-witness-repair-20260607/doc-ibm-wxo-product-20260601__1__www.ibm.com__direct_public_fetch__648ef4be0e64f95d.html	1400	sha256:a6113bd6f41fc07e740339300d718c1de9133cee13084e7994f4399cc10c7c61	"<div data-cmp-hook-image=""imageV3IBM"" data-cmp-is=""image"" data-cmp-widths=""320,384,512,640,768,960,1024,1152,1280,1536,1584"" data-cmp-dmimage data-cmp-src=""https://assets.ibm.com/is/image/ibm/watsonx-orchestrate-marketecture?ts=1780351014359&amp;dpr=off"" data-"	needs direct source, source-pack resolution, or translation-aware review before example promotion
LIMEN-SIGNAL-EC7F56B8C506FB3A	first_pass_reviewed	hold_needs_direct_source	source_pack_proxy_candidate	candidate is a source-pack/proxy row that appears to name an underlying public source	must resolve the underlying source before any reviewed example or paper claim	resolve underlying direct public source before review	2026-06-14T08:35:44Z	P3_candidate_review	identity-provenance	watermark	/srv/tyche/gaia/tyche-research-vault/release/gaia-preprint-freeze-20260605T0815EEST/data/global-agent-atlas-v0.1/snapshots/cycle66-clearview-2026-06-02.html	2167	sha256:462c3171cadd36fe0a930270d45b36cec80bdda170ac0abdd46ff15d35ca77c7	"<script data-url=""https://static.parastorage.com/services/wix-thunderbolt/dist/custom-element-utils.inline.00792e5c.bundle.min.js"">""use strict"";(self.webpackJsonp__wix_thunderbolt_app=self.webpackJsonp__wix_thunderbolt_app||[]).push([[""1619""],{26350(e,t,i){i.r"	needs direct source, source-pack resolution, or translation-aware review before example promotion
LIMEN-SIGNAL-ECC5379BE6AA186E	first_pass_reviewed	promote_to_source_review	direct_surface_candidate	candidate points directly to a public or official-looking source surface	direct source review may inspect source posture only; no prevalence, legality, safety, or compliance claim	open direct source review packet	2026-06-14T08:35:44Z	P3_candidate_review	identity-provenance	deepfake	/srv/tyche/atlas/tyche-thesis-atlas-factory/corpus/v0.2-working/gaia-agent-atlas/gaia-records-latest.jsonl	57	sha256:490e5757fa7141c268a1c81f1da048d340011453a5b3a439c2c65465ad8a2f03	"{""content_hash"": ""38206b111a64e759f51227a75f5cc68e44941e24875d0fb53348c183d446a262"", ""corpus_version"": ""v0.2-working"", ""gaia_built_at"": ""2026-06-03T02:05:15+00:00"", ""gaia_record_key"": ""duolingo-max::Duolingo Max"", ""gaia_zenodo_doi"": ""https://doi.org/10.5281/ze"	needs direct source, source-pack resolution, or translation-aware review before example promotion
LIMEN-SIGNAL-ED971CACC751706C	first_pass_reviewed	hold_needs_direct_source	source_pack_proxy_candidate	candidate is a source-pack/proxy row that appears to name an underlying public source	must resolve the underlying source before any reviewed example or paper claim	resolve underlying direct public source before review	2026-06-14T08:35:44Z	P3_candidate_review	identity-provenance	watermark	/srv/tyche/gaia/tyche-research-vault/submissions/eu-agent-atlas-release-2026-06-01/02-zenodo-artifact/artifact/data/eu-agent-atlas-v0.1/snapshots/ibm.com-5887944faa1ab6e2.bin	1753	sha256:93a453f29d05ed207a5f8b3ccaa2c92fda971e58a08747d36fedf3a93cda8756	"<div data-cmp-aspectratio=""4x3"" data-cmp-hook-image=""imageV3IBM"" slot=""media"" data-cmp-is=""image"" data-cmp-widths=""320,384,512,640,768,960,1024,1152,1280,1536,1584"" data-cmp-dmimage data-cmp-src=""https://assets.ibm.com/is/image/ibm/watsonx-bi-assist-illo?ts=17"	needs direct source, source-pack resolution, or translation-aware review before example promotion
LIMEN-SIGNAL-EE2F6019FE96D28D	first_pass_reviewed	promote_to_source_review	direct_surface_candidate	candidate points directly to a public or official-looking source surface	direct source review may inspect source posture only; no prevalence, legality, safety, or compliance claim	open direct source review packet	2026-06-14T08:35:44Z	P3_candidate_review	identity-provenance	deepfake	/srv/tyche/gaia/tyche-research-vault/data/global-agent-atlas-v0.1/sources/cycle-260/cycle260-dubai-oyoon-oxford-bb6a7c67c10b.html	873	sha256:4d67e928d949cf357537510e8a8ab87f1330418b0c7ae8e4be9eb8cae9cab435	"<p style=""text-align: justify;""><span>Additionally, the ‘<a href=""https://assets.u.ae/api/public/content/38a05cb9c7bb491b8411092b9426fef1?v=4e2a2c8a"" rel=""noopener"">Deepfake Guide</a>’ (2021) sets out information on deepfakes, warns of the potential for misuse"	needs direct source, source-pack resolution, or translation-aware review before example promotion
LIMEN-SIGNAL-EE52F54FEED17A61	first_pass_reviewed	hold_needs_direct_source	source_pack_proxy_candidate	candidate is a source-pack/proxy row that appears to name an underlying public source	must resolve the underlying source before any reviewed example or paper claim	resolve underlying direct public source before review	2026-06-14T08:35:44Z	P3_candidate_review	identity-provenance	C2PA	/srv/tyche/atlas/tyche-thesis-atlas-factory/snapshots/v0.2-freeze-20260601T060436Z/analysis/verification/verification-priority-semantic-links-v0.2.jsonl	106	sha256:22230872b1e26850f2eb53108850f835ce69c98e2b752b232efd4eab6555c25a	"{""corpus_version"": ""v0.2"", ""generated_at"": ""2026-06-01T05:45:34Z"", ""relation"": ""source-supports-verification-task"", ""source_title"": ""Electronic Identification and Trust Services for Electronic Transactions Act - Riigi Teataja"", ""source_url"": ""https://www.riigi"	needs direct source, source-pack resolution, or translation-aware review before example promotion
LIMEN-SIGNAL-EFD9D5112ACBF3E6	first_pass_reviewed	promote_to_source_review	direct_surface_candidate	candidate points directly to a public or official-looking source surface	direct source review may inspect source posture only; no prevalence, legality, safety, or compliance claim	open direct source review packet	2026-06-14T08:35:44Z	P3_candidate_review	identity-provenance	watermark	/srv/tyche/atlas/tyche-thesis-atlas-factory/inbox/epo-ops/raw/WO_2025090165_A1.json	1	sha256:9558e9b9c646dd5b15025b4118a2ec8e39fb18060c6fab11805fb55e2f8614e1	"{""ops:world-patent-data"":{""@xmlns"":{""ops"":""http://ops.epo.org"",""$"":""http://www.epo.org/exchange"",""xlink"":""http://www.w3.org/1999/xlink""},""exchange-documents"":{""exchange-document"":{""@system"":""ops.epo.org"",""@family-id"":""95483939"",""@country"":""WO"",""@doc-number"":""2"	needs direct source, source-pack resolution, or translation-aware review before example promotion
LIMEN-SIGNAL-EFDA43FFD69FB7AE	first_pass_reviewed	promote_to_source_review	direct_surface_candidate	candidate points directly to a public or official-looking source surface	direct source review may inspect source posture only; no prevalence, legality, safety, or compliance claim	open direct source review packet	2026-06-14T08:35:44Z	P3_candidate_review	identity-provenance	C2PA	/srv/tyche/atlas/tyche-thesis-atlas-factory/preprint-packages/tyche-thesis-atlas-v0.2.3-preprint/analysis/matrices/standards-to-evidence-v0.2.md	27	sha256:0008e98ee18c7243bc9979e3f5e6c3db15b1beccdc93622d572b34f677db4b9d	| Redirect Notice | provenance-spec | provenance receipt | provenance_receipt | needs-clause-verification | https://spec.c2pa.org/specifications/ |	needs direct source, source-pack resolution, or translation-aware review before example promotion
LIMEN-SIGNAL-EFE5A4B600365755	first_pass_reviewed	hold_needs_direct_source	source_pack_proxy_candidate	candidate is a source-pack/proxy row that appears to name an underlying public source	must resolve the underlying source before any reviewed example or paper claim	resolve underlying direct public source before review	2026-06-14T08:35:44Z	P3_candidate_review	identity-provenance	watermark	/srv/tyche/gaia/tyche-research-vault/data/eu-agent-atlas-v0.1/snapshots/ibm.com-5887944faa1ab6e2.bin	2380	sha256:66ea616d3b14fc061367de9108cdd71baf323c027df3a5be1fb89054a3a0db27	"<div data-cmp-aspectratio=""16x9"" data-cmp-hook-image=""imageV3IBM"" slot=""image"" data-cmp-is=""image"" data-cmp-widths=""320,384,512,640,768,960,1024,1152,1280,1536,1584"" data-cmp-dmimage data-cmp-src=""https://assets.ibm.com/is/image/ibm/multi-agent-orchestration-w"	needs direct source, source-pack resolution, or translation-aware review before example promotion
LIMEN-SIGNAL-F01B81378A09876C	first_pass_reviewed	hold_needs_direct_source	source_pack_proxy_candidate	candidate is a source-pack/proxy row that appears to name an underlying public source	must resolve the underlying source before any reviewed example or paper claim	resolve underlying direct public source before review	2026-06-14T08:35:44Z	P3_candidate_review	identity-provenance	watermark	/srv/tyche/gaia/tyche-research-vault/data/eu-agent-atlas-v0.1/snapshots/ibm.com-0c76bbd1500036b8.bin	1204	sha256:154db6be7595d29f40c571b817d1883b05cd73e5b52818425de7b5d0256ec588	"<div data-cmp-aspectratio=""1x1"" data-cmp-hook-image=""imageV3IBM"" data-cmp-is=""image"" data-cmp-widths=""320,384,512,640,768,960,1024,1152,1280,1536,1584"" data-cmp-dmimage data-cmp-src=""https://assets.ibm.com/is/image/ibm/sc-webinar-3v2?ts=1775574379404&amp;dpr=o"	needs direct source, source-pack resolution, or translation-aware review before example promotion
LIMEN-SIGNAL-F042978A2AD32A10	first_pass_reviewed	hold_needs_direct_source	source_pack_proxy_candidate	candidate is a source-pack/proxy row that appears to name an underlying public source	must resolve the underlying source before any reviewed example or paper claim	resolve underlying direct public source before review	2026-06-14T08:35:44Z	P3_candidate_review	identity-provenance	voice cloning	/srv/tyche/projects/limen-ai-edge-case-atlas/results/boost/limen-boost-043/cross-project-mining-threshold-register.tsv	3	sha256:a1fa8fa44ce8ce5760b53268286f65b3f7b8ce109b5e09c7708e50e6678e28bb	CPMTR-043-002 20260607T152511Z deepfake|voice cloning|synthetic identity|false authorship|AI-generated evidence|synthetic media gaia+atlas+pallas dominant_hit_family The largest reusable non-LIMEN family is agent-catalog and derivative material (2360 subset hi	needs direct source, source-pack resolution, or translation-aware review before example promotion
LIMEN-SIGNAL-F080D3642F88C3BC	first_pass_reviewed	promote_to_source_review	direct_surface_candidate	candidate points directly to a public or official-looking source surface	direct source review may inspect source posture only; no prevalence, legality, safety, or compliance claim	open direct source review packet	2026-06-14T08:35:44Z	P3_candidate_review	identity-provenance	watermark	/srv/tyche/atlas/tyche-thesis-atlas-factory/inbox/epo-ops/raw/WO_2025244168_A1.json	1	sha256:c15b192c02549a439e09594ebc337fb2342385121ee8ef0ac9887ab2d0f1e3ad	"{""ops:world-patent-data"":{""@xmlns"":{""ops"":""http://ops.epo.org"",""$"":""http://www.epo.org/exchange"",""xlink"":""http://www.w3.org/1999/xlink""},""exchange-documents"":{""exchange-document"":{""@system"":""ops.epo.org"",""@family-id"":""91700297"",""@country"":""WO"",""@doc-number"":""2"	needs direct source, source-pack resolution, or translation-aware review before example promotion
LIMEN-SIGNAL-F08A80D650344E97	first_pass_reviewed	promote_to_source_review	direct_surface_candidate	candidate points directly to a public or official-looking source surface	direct source review may inspect source posture only; no prevalence, legality, safety, or compliance claim	open direct source review packet	2026-06-14T08:35:44Z	P3_candidate_review	identity-provenance	deepfake	/srv/tyche/atlas/tyche-thesis-atlas-factory/corpus/v0.2-working/gaia-agent-atlas/gaia-records-latest.jsonl	34	sha256:2076e861c480087bc64f07994cb9cb71ec1b1b17f613a6c4ad2dcb2c8795f6b6	"{""content_hash"": ""3a9b24703e5e9e54649c7deba4024f266841d2e2e835365be1a464baffd3db02"", ""corpus_version"": ""v0.2-working"", ""gaia_built_at"": ""2026-06-03T02:05:15+00:00"", ""gaia_record_key"": ""qwen-chat::Qwen Chat"", ""gaia_zenodo_doi"": ""https://doi.org/10.5281/zenodo.2"	needs direct source, source-pack resolution, or translation-aware review before example promotion
LIMEN-SIGNAL-F09784F1AFD8EF39	first_pass_reviewed	hold_needs_direct_source	source_pack_proxy_candidate	candidate is a source-pack/proxy row that appears to name an underlying public source	must resolve the underlying source before any reviewed example or paper claim	resolve underlying direct public source before review	2026-06-14T08:35:44Z	P3_candidate_review	identity-provenance	synthetic identity	/srv/tyche/projects/limen-ai-edge-case-atlas/results/boost/limen-boost-043/cross-project-mining-threshold-register.tsv	2	sha256:429d9610895f047bcbff1b57f2fdd5cc463a7ddd307ed135ae8bf2ca13527234	CPMTR-043-001 20260607T152511Z deepfake|voice cloning|synthetic identity|false authorship|AI-generated evidence|synthetic media gaia+atlas+pallas cross_project_subset_overview 4219 non-LIMEN snippet matches in the identity-provenance mining run, concentrated i	needs direct source, source-pack resolution, or translation-aware review before example promotion
LIMEN-SIGNAL-F0A20B1695EBA901	first_pass_reviewed	hold_needs_direct_source	source_pack_proxy_candidate	candidate is a source-pack/proxy row that appears to name an underlying public source	must resolve the underlying source before any reviewed example or paper claim	resolve underlying direct public source before review	2026-06-14T08:35:44Z	P3_candidate_review	identity-provenance	deepfake	/srv/tyche/projects/limen-ai-edge-case-atlas/results/boost/limen-boost-055/claim-defense-crosswalk.tsv	3	sha256:9fac9a59d8cae034512d057d472ba9c5835d9ba6a2fe7da51d8e4e7c29b39f93	2026-06-07T14:37:18Z PCDC-055-002 LIMEN-C-004B claims.md results/dashboard-paper/caption-control-register-v0.1.tsv:CCR-013; results/boost/limen-boost-055/provenance-visual-encoding-contract.tsv:PVC-055-004 results/boost/limen-boost-031/shard-007-hostile-review	needs direct source, source-pack resolution, or translation-aware review before example promotion
LIMEN-SIGNAL-F0E20C7966C26AF5	first_pass_reviewed	hold_needs_direct_source	source_pack_proxy_candidate	candidate is a source-pack/proxy row that appears to name an underlying public source	must resolve the underlying source before any reviewed example or paper claim	resolve underlying direct public source before review	2026-06-14T08:35:44Z	P3_candidate_review	identity-provenance	watermark	/srv/tyche/gaia/tyche-research-vault/data/global-agent-atlas-v0.1/snapshots/source-witness-repair-20260607/doc-ibm-wxo-product-20260601__1__www.ibm.com__direct_public_fetch__648ef4be0e64f95d.html	1536	sha256:e916d6b46c5803ed99d4befe3194bdd8fcc8c3a933a24a820652eb689285538b	"<div data-cmp-aspectratio=""16x9"" data-cmp-hook-image=""imageV3IBM"" data-cmp-is=""image"" data-cmp-widths=""320,384,512,640,768,960,1024,1152,1280,1536,1584"" data-cmp-dmimage data-cmp-src=""https://assets.ibm.com/is/image/ibm/wxo-feature-graphic-orchestrated-2x?ts=1"	needs direct source, source-pack resolution, or translation-aware review before example promotion
LIMEN-SIGNAL-F2264D937A6B9AEC	first_pass_reviewed	hold_needs_direct_source	source_pack_proxy_candidate	candidate is a source-pack/proxy row that appears to name an underlying public source	must resolve the underlying source before any reviewed example or paper claim	resolve underlying direct public source before review	2026-06-14T08:35:44Z	P3_candidate_review	identity-provenance	deepfake	/srv/tyche/projects/limen-ai-edge-case-atlas/results/boost/limen-boost-048/publication-sequence-contract.tsv	15	sha256:fd933e88fef2a01f0e484560ecc75f6cdc753074280a1a8c6413ca51af562a51	2026-06-07T19:58:09Z LIMEN-VIS-014 Table 1F A:not_scored/B:not_scored/C:not_scored ready_now 6 shard-007 cells: left_anchor=2; methods_context=1; main_results=1; limitations_only=2 Use `results/dashboard-paper/caption-control-register-v0.1.tsv:CCR-013`; keep l	needs direct source, source-pack resolution, or translation-aware review before example promotion
LIMEN-SIGNAL-F2363A62E15DBA14	first_pass_reviewed	promote_to_source_review	direct_surface_candidate	candidate points directly to a public or official-looking source surface	direct source review may inspect source posture only; no prevalence, legality, safety, or compliance claim	open direct source review packet	2026-06-14T08:35:44Z	P3_candidate_review	identity-provenance	watermark	/srv/tyche/atlas/tyche-thesis-atlas-factory/inbox/epo-ops/raw/WO_2020181818_A1.json	1	sha256:3b7f49402a278e38b0d0738ef367569e6e794a0ec60a24404ae17319e4c1d737	"{""ops:world-patent-data"":{""@xmlns"":{""ops"":""http://ops.epo.org"",""$"":""http://www.epo.org/exchange"",""xlink"":""http://www.w3.org/1999/xlink""},""exchange-documents"":{""exchange-document"":{""@system"":""ops.epo.org"",""@family-id"":""67366150"",""@country"":""WO"",""@doc-number"":""2"	needs direct source, source-pack resolution, or translation-aware review before example promotion
LIMEN-SIGNAL-F307E8C05029FC64	first_pass_reviewed	promote_to_source_review	direct_surface_candidate	candidate points directly to a public or official-looking source surface	direct source review may inspect source posture only; no prevalence, legality, safety, or compliance claim	open direct source review packet	2026-06-14T08:35:44Z	P3_candidate_review	residual-weird	AI misuse	/srv/tyche/pallas/pallas-ai-agent-observatory/reports/PALLAS_READINESS_SPRINT_4_SOURCE_PACK.csv	308	sha256:fbafcb1f8e89c7592a9aa4c757d710a184f728cbd1ffde78b3ca5265001b6f72	KW,Kuwait,I01,Kuwait Targets AI Misuse with New Regulations,Arab Times,https://www.arabtimesonline.com/news/kuwait-targets-ai-misuse-with-new-regulations/,2026-05-30,secondary media,weak signal for emerging AI-policy discussion,L,Retained only as weak-source l	needs direct source, source-pack resolution, or translation-aware review before example promotion
LIMEN-SIGNAL-F324BCED4E511225	first_pass_reviewed	hold_needs_direct_source	source_pack_proxy_candidate	candidate is a source-pack/proxy row that appears to name an underlying public source	must resolve the underlying source before any reviewed example or paper claim	resolve underlying direct public source before review	2026-06-14T08:35:44Z	P3_candidate_review	identity-provenance	C2PA	/srv/tyche/atlas/tyche-thesis-atlas-factory/results/boost/atlas-boost-018/role-topology-current-hash.json	180	sha256:163f2ad4c941bd09d7923f693c89da5c25b0e80693f5ddd27940bb5be8128256	"source_url: ""https://spec.c2pa.org/specifications/specifications/2.2/specs/C2PA_Specification.html"","	needs direct source, source-pack resolution, or translation-aware review before example promotion
LIMEN-SIGNAL-F3B11BE9EFD0A7C3	first_pass_reviewed	hold_needs_direct_source	source_pack_proxy_candidate	candidate is a source-pack/proxy row that appears to name an underlying public source	must resolve the underlying source before any reviewed example or paper claim	resolve underlying direct public source before review	2026-06-14T08:35:44Z	P3_candidate_review	identity-provenance	C2PA	/srv/tyche/atlas/tyche-thesis-atlas-factory/results/exploitation-wave-cross-20260605T193348Z/claim-support-curated.json	3446	sha256:d56e13e07df7bdbdaf0f9664e5bcf59e257a163a207c6fbbbbc99f520557b72e	"text: ""ASPECTS OF EXECUTING TECHNICAL D \\\\| scholarly-doi-source \\\\| needs-clause-verification \\\\| technical documentation; conformity assessment \\\\| https://doi.org/10.47675/2304-6309-2025-30-75-88 \\\\| ## standards_fragments_missing_carrier SCITT,"	needs direct source, source-pack resolution, or translation-aware review before example promotion
LIMEN-SIGNAL-F3B8C54C8E2C5DE9	first_pass_reviewed	hold_needs_direct_source	source_pack_proxy_candidate	candidate is a source-pack/proxy row that appears to name an underlying public source	must resolve the underlying source before any reviewed example or paper claim	resolve underlying direct public source before review	2026-06-14T08:35:44Z	P3_candidate_review	residual-weird	AI harm	/srv/tyche/projects/limen-ai-edge-case-atlas/results/boost/limen-boost-050/crosswalk-delta.tsv	7	sha256:b123241e96efbee62a67aefb512b19ea55e467bf67280120407a74fa9e939b20	LIMEN-050-XW-006 cset_ai_harm CSET AI Harm taxonomy / overview manual_citation_bridge manual_taxonomy_citation_support conceptual harm bridge for manual mapping, not a machine-ingest source https://cset.georgetown.edu/article/understanding-ai-harms-an-overview	needs direct source, source-pack resolution, or translation-aware review before example promotion
LIMEN-SIGNAL-F44AFC55384E7709	first_pass_reviewed	hold_needs_direct_source	source_pack_proxy_candidate	candidate is a source-pack/proxy row that appears to name an underlying public source	must resolve the underlying source before any reviewed example or paper claim	resolve underlying direct public source before review	2026-06-14T08:35:44Z	P3_candidate_review	identity-provenance	deepfake	/srv/tyche/projects/limen-ai-edge-case-atlas/results/boost/limen-boost-007/finland-official-companion-route-audit.tsv	4	sha256:32f5f58ce9751e93f305dc261642e77eab66fbd64ede6f822fc2019464625fac	2026-06-08T09:08:46Z FOCRA-007-003 LMWCS-20260606-002 Finnish Police site search https://poliisi.fi/haku?q=deepfake HTTP 200 with 2 results Rahanpesun selvittelykeskuksen vuosikertomus 2025; Toimintaympäristöanalyysi no Concept-level non-yield evidence for the	needs direct source, source-pack resolution, or translation-aware review before example promotion
LIMEN-SIGNAL-F44B9F10BAEC0BDC	first_pass_reviewed	hold_needs_direct_source	source_pack_proxy_candidate	candidate is a source-pack/proxy row that appears to name an underlying public source	must resolve the underlying source before any reviewed example or paper claim	resolve underlying direct public source before review	2026-06-14T08:35:44Z	P3_candidate_review	residual-weird	AI harm	/srv/tyche/projects/limen-ai-edge-case-atlas/results/boost/limen-boost-002/cset-harm-bridge.tsv	2	sha256:0090254188afff03acdc2957e54223ab805e8f40613086e509ec7f7ae2cf49da	CSET-001 CSET AI Harm taxonomy PDF https://raw.githubusercontent.com/georgetown-cset/CSET-AIID-harm-taxonomy/main/CSET%20V1%20AI%20Annotation%20Guide%20(with%20Schema%20and%20Field%20Descriptions)%2025Jul2023.pdf pp. 4-5 in local extraction; sha256 5c3dea34c65	needs direct source, source-pack resolution, or translation-aware review before example promotion
LIMEN-SIGNAL-F48D4BF71678AC97	first_pass_reviewed	hold_needs_direct_source	source_pack_proxy_candidate	candidate is a source-pack/proxy row that appears to name an underlying public source	must resolve the underlying source before any reviewed example or paper claim	resolve underlying direct public source before review	2026-06-14T08:35:44Z	P3_candidate_review	identity-provenance	watermark	/srv/tyche/gaia/tyche-research-vault/data/eu-agent-atlas-v0.1/snapshots/ibm.com-0c76bbd1500036b8.bin	1766	sha256:a2e0eb2c1b882324dde5f56b85f9a3156593c141761d0e0cc234392317ed6def	"<div data-cmp-aspectratio=""16x9"" data-cmp-hook-image=""imageV3IBM"" data-cmp-is=""image"" data-cmp-widths=""320,384,512,640,768,960,1024,1152,1280,1536,1584"" data-cmp-dmimage data-cmp-src=""https://assets.ibm.com/is/image/ibm/wxo-feature-graphic-pre-built-agent-2x?t"	needs direct source, source-pack resolution, or translation-aware review before example promotion
LIMEN-SIGNAL-F4BA861244F9058B	first_pass_reviewed	hold_needs_direct_source	source_pack_proxy_candidate	candidate is a source-pack/proxy row that appears to name an underlying public source	must resolve the underlying source before any reviewed example or paper claim	resolve underlying direct public source before review	2026-06-14T08:35:44Z	P3_candidate_review	identity-provenance	watermark	/srv/tyche/gaia/tyche-research-vault/submissions/agent-atlas-public-release-2026-06-01/03-zenodo-agent-atlas-artifact-v0.1/artifact/data/eu-agent-atlas-v0.1/snapshots/ibm.com-5887944faa1ab6e2.bin	748	sha256:217d1e9516d8cc952ad9c7737ab01fab39d9ad498e1d33b2c86e2ed2b1b44457	"<div data-cmp-aspectratio=""4x3|4x3|5x2|5x2|5x2"" data-cmp-hook-image=""imageV3IBM"" data-cmp-is=""image"" data-cmp-widths=""320,384,512,640,768,960,1024,1152,1280,1536,1584"" data-cmp-dmimage data-cmp-src=""https://assets.ibm.com/is/image/ibm/wxo-observability?ts=1777"	needs direct source, source-pack resolution, or translation-aware review before example promotion
LIMEN-SIGNAL-F4D279E6B150E620	first_pass_reviewed	promote_to_source_review	direct_surface_candidate	candidate points directly to a public or official-looking source surface	direct source review may inspect source posture only; no prevalence, legality, safety, or compliance claim	open direct source review packet	2026-06-14T08:35:44Z	P3_candidate_review	identity-provenance	synthetic media	/srv/tyche/pallas/pallas-ai-agent-observatory/reports/PALLAS_SECOND_PASS_SPRINT_11_SOURCE_REFRESH.csv	7	sha256:bb3c4c530030ce2385cde8d99be808268a6b4c49a303f0dff92311920f37bacb	CA,Canada,I03,Canadian Digital Regulators Forum,Competition Bureau Canada,https://competition-bureau.canada.ca/en/how-we-foster-competition/collaboration-and-partnerships/canadian-digital-regulators-forum,2026-05-31,regulator coordination page,weak/negative ev	needs direct source, source-pack resolution, or translation-aware review before example promotion
LIMEN-SIGNAL-F4F79E4F30C17EEA	first_pass_reviewed	hold_needs_direct_source	source_pack_proxy_candidate	candidate is a source-pack/proxy row that appears to name an underlying public source	must resolve the underlying source before any reviewed example or paper claim	resolve underlying direct public source before review	2026-06-14T08:35:44Z	P3_candidate_review	identity-provenance	watermark	/srv/tyche/gaia/tyche-research-vault/submissions/agent-atlas-public-release-2026-06-01/03-zenodo-agent-atlas-artifact-v0.1/artifact/data/eu-agent-atlas-v0.1/snapshots/ibm.com-8c6204e4d693c809.bin	1374	sha256:cca0e6bc7cfa9654de4ddb687d2777d058eec8e62cd46b6b638786eea61263ea	"<div data-cmp-aspectratio=""4x3"" data-cmp-hook-image=""imageV3IBM"" slot=""image"" data-cmp-is=""image"" data-cmp-widths=""320,384,512,640,768,960,1024,1152,1280,1536,1584"" data-cmp-dmimage data-cmp-src=""https://assets.ibm.com/is/image/ibm/adobestock_604661573?ts=1775"	needs direct source, source-pack resolution, or translation-aware review before example promotion
LIMEN-SIGNAL-F5A1EEFBDE6093D9	first_pass_reviewed	promote_to_source_review	direct_surface_candidate	candidate points directly to a public or official-looking source surface	direct source review may inspect source posture only; no prevalence, legality, safety, or compliance claim	open direct source review packet	2026-06-14T08:35:44Z	P3_candidate_review	identity-provenance	synthetic media	/srv/tyche/gaia/tyche-research-vault/scripts/global_agent_atlas_bootstrap.py	340	sha256:c11d7c1db693d313d02a1a90e3ec57cafb69478d422ddae9f85d98ef80b89116	"fact(""runway-synthetic-video-20260601"", ""runway-generative-video"", ""Runway"", ""Runway is a synthetic media source for Article 50 generated-content routing."", ""https://runwayml.com/"", ""Runway"", ""official_provider"", fact_type=""article_50"", confidence=0.72, weirdn"	needs direct source, source-pack resolution, or translation-aware review before example promotion
LIMEN-SIGNAL-F5CE0D66E0502E1B	first_pass_reviewed	hold_needs_direct_source	source_pack_proxy_candidate	candidate is a source-pack/proxy row that appears to name an underlying public source	must resolve the underlying source before any reviewed example or paper claim	resolve underlying direct public source before review	2026-06-14T08:35:44Z	P3_candidate_review	identity-provenance	deepfake	/srv/tyche/gaia/tyche-research-vault/data/global-agent-atlas-v0.1/snapshots/faceplusplus.com-d4f28c55b1fb8461.bin	173	sha256:e11d4613cb81b3af62817c7f3067ef5b7b829c7d5a909c31bbdc90f149d17208	"</div></div></i><a href=""https://www.youtube.com/@megvii4271"" target=""_blank"" class=""icon icon-youtube"" data-v-33ef3bf0 style=""display:inline-block""></a><a href=""https://www.facebook.com/megvii/"" target=""_blank"" class=""icon icon-facebook"" data-v-33ef3bf0 style"	needs direct source, source-pack resolution, or translation-aware review before example promotion
LIMEN-SIGNAL-F6006F547288F6B1	first_pass_reviewed	hold_needs_direct_source	source_pack_proxy_candidate	candidate is a source-pack/proxy row that appears to name an underlying public source	must resolve the underlying source before any reviewed example or paper claim	resolve underlying direct public source before review	2026-06-14T08:35:44Z	P3_candidate_review	identity-provenance	watermark	/srv/tyche/gaia/tyche-research-vault/submissions/agent-atlas-public-release-2026-06-01/03-zenodo-agent-atlas-artifact-v0.1/artifact/data/eu-agent-atlas-v0.1/snapshots/ibm.com-1ffdb18e24f1f73e.bin	3710	sha256:be271427f0d23e0fe9b86915ec14a564e9fcf2b3ee825165f848b3befb8b6caa	"<div data-cmp-aspectratio=""16x9"" data-cmp-hook-image=""imageV3IBM"" data-cmp-is=""image"" data-cmp-widths=""320,384,512,640,768,960,1024,1152,1280,1536,1584"" data-cmp-dmimage data-cmp-src=""https://assets.ibm.com/is/image/ibm/f678_still_f06_v10_zyn_4096x4096?ts=1779"	needs direct source, source-pack resolution, or translation-aware review before example promotion
LIMEN-SIGNAL-F6198E503BF4A9FA	first_pass_reviewed	hold_needs_direct_source	source_pack_proxy_candidate	candidate is a source-pack/proxy row that appears to name an underlying public source	must resolve the underlying source before any reviewed example or paper claim	resolve underlying direct public source before review	2026-06-14T08:35:44Z	P3_candidate_review	identity-provenance	C2PA	/srv/tyche/atlas/tyche-thesis-atlas-factory/results/exploitation-wave-cross-20260605T192929Z/claim-support-digest.json	2294	sha256:cfe364be2e5b4126ff0884e64df8e974c4d07ff5cdb031adb2abfdd5d2b21488	"text: ""ASPECTS OF EXECUTING TECHNICAL D \\| scholarly-doi-source \\| needs-clause-verification \\| technical documentation; conformity assessment \\| https://doi.org/10.47675/2304-6309-2025-30-75-88 \\| ## standards_fragments_missing_carrier SCITT, RATS, C2P"	needs direct source, source-pack resolution, or translation-aware review before example promotion
LIMEN-SIGNAL-F6C4522A0B4E5E7F	first_pass_reviewed	promote_to_source_review	direct_surface_candidate	candidate points directly to a public or official-looking source surface	direct source review may inspect source posture only; no prevalence, legality, safety, or compliance claim	open direct source review packet	2026-06-14T08:35:44Z	P3_candidate_review	identity-provenance	watermark	/srv/tyche/gaia/tyche-research-vault/notes/bseade-paper-b-attestation-corpus-bootstrap-2026-05-24.md	13	sha256:6523005de2adc1c00f0fee37472ffc0f91fe1654e3c5d03bb3446f230bd5e92c	| 1 | DALL-E 3 / ChatGPT image generation | Generative-AI agent output | OpenAI | C2PA manifest embedded in image; SynthID watermark; openai.com/verify portal | C2PA 2.x, SynthID | https://openai.com/index/advancing-content-provenance/ | 2026-05-24 | Y | Signe	needs direct source, source-pack resolution, or translation-aware review before example promotion
